"DateTime","CLOSE"
2000-01-10,1545.112
2000-01-11,1479.781
2000-01-12,1438.02
2000-01-13,1424.442
2000-01-14,1408.848
2000-01-17,1433.33
2000-01-18,1426.623
2000-01-19,1440.724
2000-01-20,1466.863
2000-01-21,1465.085
2000-01-24,1477.344
2000-01-25,1476.506
2000-01-26,1481.117
2000-01-27,1506.767
2000-01-28,1534.997
2000-02-14,1673.943
2000-02-15,1670.67
2000-02-16,1693.109
2000-02-17,1640.649
2000-02-18,1668.091
2000-02-21,1677.136
2000-02-22,1632.294
2000-02-23,1594.93
2000-02-24,1634.309
2000-02-25,1631.576
2000-02-28,1704.855
2000-02-29,1714.578
2000-03-01,1697.744
2000-03-02,1713.014
2000-03-03,1738.021
2000-03-06,1681.085
2000-03-07,1694.798
2000-03-08,1726.033
2000-03-09,1732.346
2000-03-10,1705.049
2000-03-13,1728.875
2000-03-14,1685.347
2000-03-15,1681.471
2000-03-16,1607.527
2000-03-17,1658.601
2000-03-20,1699.248
2000-03-21,1710.324
2000-03-22,1720.446
2000-03-23,1747.241
2000-03-24,1730.499
2000-03-27,1775.914
2000-03-28,1791.441
2000-03-29,1788.807
2000-03-30,1810.984
2000-03-31,1800.225
2000-04-03,1801.003
2000-04-04,1760.692
2000-04-05,1771.199
2000-04-06,1809.141
2000-04-07,1819.896
2000-04-10,1826.061
2000-04-11,1821.174
2000-04-12,1807.328
2000-04-13,1831.548
2000-04-14,1833.665
2000-04-17,1795.058
2000-04-18,1813.495
2000-04-19,1828.71
2000-04-20,1847.027
2000-04-21,1841.064
2000-04-24,1837.398
2000-04-25,1833.469
2000-04-26,1832.779
2000-04-27,1806.83
2000-04-28,1836.321
2000-05-08,1836.637
2000-05-09,1806.638
2000-05-10,1752.689
2000-05-11,1724.048
2000-05-12,1720.608
2000-05-15,1704.587
2000-05-16,1724.538
2000-05-17,1725.398
2000-05-18,1758.537
2000-05-19,1777.828
2000-05-22,1824.736
2000-05-23,1832.075
2000-05-24,1855.493
2000-05-25,1880.704
2000-05-26,1879.617
2000-05-29,1898.748
2000-05-30,1877.471
2000-05-31,1894.554
2000-06-01,1903.488
2000-06-02,1916.25
2000-06-05,1899.092
2000-06-06,1925.544
2000-06-07,1935.031
2000-06-08,1925.206
2000-06-09,1900.787
2000-06-12,1912.557
2000-06-13,1938.674
2000-06-14,1932.29
2000-06-15,1942.285
2000-06-16,1926.944
2000-06-19,1915.205
2000-06-20,1895.348
2000-06-21,1913.131
2000-06-22,1913.901
2000-06-23,1939.627
2000-06-26,1948.639
2000-06-27,1942.898
2000-06-28,1947.481
2000-06-29,1937.261
2000-06-30,1928.106
2000-07-03,1895.637
2000-07-04,1907.931
2000-07-05,1909.187
2000-07-06,1902.552
2000-07-07,1932.792
2000-07-10,1948.021
2000-07-11,1960.541
2000-07-12,1973.374
2000-07-13,1979.201
2000-07-14,1987.192
2000-07-17,1982.479
2000-07-18,1993.986
2000-07-19,1998.426
2000-07-20,1991.56
2000-07-21,1996.336
2000-07-24,1989.239
2000-07-25,1996.577
2000-07-26,2012.319
2000-07-27,2012.35
2000-07-28,2012.793
2000-07-31,2023.539
2000-08-01,2028.151
2000-08-02,2030.683
2000-08-03,2036.301
2000-08-04,2026.361
2000-08-07,2039.419
2000-08-08,2049.916
2000-08-09,2061.18
2000-08-10,2065.943
2000-08-11,2062.666
2000-08-14,2076.3
2000-08-15,2076.823
2000-08-16,2083.467
2000-08-17,2091.586
2000-08-18,2090.183
2000-08-21,2108.69
2000-08-22,2074.703
2000-08-23,2057.919
2000-08-24,2071.161
2000-08-25,2086.703
2000-08-28,2100.585
2000-08-29,2105.476
2000-08-30,2076.143
2000-08-31,2021.199
2000-09-01,1999.859
2000-09-04,2010.602
2000-09-05,1963.792
2000-09-06,1925.907
2000-09-07,1950.663
2000-09-08,1959.312
2000-09-11,1972.043
2000-09-12,1979.095
2000-09-13,1988.936
2000-09-14,1979.505
2000-09-15,1978.434
2000-09-18,1946.753
2000-09-19,1903.154
2000-09-20,1922.289
2000-09-21,1907.306
2000-09-22,1891.984
2000-09-25,1875.911
2000-09-26,1887.829
2000-09-27,1914.086
2000-09-28,1889.289
2000-09-29,1910.161
2000-10-09,1915.35
2000-10-10,1942.149
2000-10-11,1933.726
2000-10-12,1926.324
2000-10-13,1918.157
2000-10-16,1902.809
2000-10-17,1909.49
2000-10-18,1922.845
2000-10-19,1913.42
2000-10-20,1947.455
2000-10-23,1958.938
2000-10-24,1956.344
2000-10-25,1977.254
2000-10-26,1967.673
2000-10-27,1967.405
2000-10-30,1973.578
2000-10-31,1961.287
2000-11-01,1977.363
2000-11-02,1984.26
2000-11-03,1981.631
2000-11-06,1991.173
2000-11-07,1997.077
2000-11-08,2012.908
2000-11-09,2032.482
2000-11-10,2047.458
2000-11-13,2070.788
2000-11-14,2085.118
2000-11-15,2081.905
2000-11-16,2095.984
2000-11-17,2093.235
2000-11-20,2101.389
2000-11-21,2097.982
2000-11-22,2113.303
2000-11-23,2119.439
2000-11-24,2053.37
2000-11-27,2049.671
2000-11-28,2079.396
2000-11-29,2067.495
2000-11-30,2070.613
2000-12-01,2081.843
2000-12-04,2092.139
2000-12-05,2091.67
2000-12-06,2075.627
2000-12-07,2075.044
2000-12-08,2073.163
2000-12-11,2046.076
2000-12-12,2059.053
2000-12-13,2056.12
2000-12-14,2051.079
2000-12-15,2039.364
2000-12-18,2044.545
2000-12-19,2049.032
2000-12-20,2071.268
2000-12-21,2076.886
2000-12-22,2069.768
2000-12-25,2068.174
2000-12-26,2076.266
2000-12-27,2058.244
2000-12-28,2053.704
2000-12-29,2073.477
2001-01-02,2103.469
2001-01-03,2123.899
2001-01-04,2117.405
2001-01-05,2125.3
2001-01-08,2102.064
2001-01-09,2101.135
2001-01-10,2125.615
2001-01-11,2119.141
2001-01-12,2104.747
2001-01-15,2032.443
2001-01-16,2045.887
2001-01-17,2034.584
2001-01-18,2043.11
2001-01-19,2065.606
2001-02-05,2008.032
2001-02-06,1995.315
2001-02-07,1979.939
2001-02-08,1930.138
2001-02-09,1956.97
2001-02-12,1961.221
2001-02-13,1963.528
2001-02-14,1963.2
2001-02-15,1946.479
2001-02-16,1941.964
2001-02-19,1967.55
2001-02-20,1953.218
2001-02-21,1909.326
2001-02-22,1907.26
2001-02-23,1936.346
2001-02-26,1953.341
2001-02-27,1962.042
2001-02-28,1959.18
2001-03-01,1965.121
2001-03-02,1985.111
2001-03-05,1984.2
2001-03-06,1990.06
2001-03-07,1991.177
2001-03-08,2000.9
2001-03-09,2011.66
2001-03-12,2012.552
2001-03-13,1998.699
2001-03-14,2018.616
2001-03-15,2022.601
2001-03-16,2020.236
2001-03-19,2036.617
2001-03-20,2045.793
2001-03-21,2066.39
2001-03-22,2087.532
2001-03-23,2053.539
2001-03-26,2089.881
2001-03-27,2107.258
2001-03-28,2106.874
2001-03-29,2101.658
2001-03-30,2112.775
2001-04-02,2125.084
2001-04-03,2123.052
2001-04-04,2090.719
2001-04-05,2112.6
2001-04-06,2108.606
2001-04-09,2117.367
2001-04-10,2128.479
2001-04-11,2131.397
2001-04-12,2134.798
2001-04-13,2145.4
2001-04-16,2168.059
2001-04-17,2176.679
2001-04-18,2172.564
2001-04-19,2172.87
2001-04-20,2152.335
2001-04-23,2150.426
2001-04-24,2166.174
2001-04-25,2119.18
2001-04-26,2105.056
2001-04-27,2115.109
2001-04-30,2119.184
2001-05-08,2137.994
2001-05-09,2132.89
2001-05-10,2147.283
2001-05-11,2155.405
2001-05-14,2178.466
2001-05-15,2191.064
2001-05-16,2199.505
2001-05-17,2194.647
2001-05-18,2203.372
2001-05-21,2213.595
2001-05-22,2210.337
2001-05-23,2197.595
2001-05-24,2198.297
2001-05-25,2193.576
2001-05-28,2179.699
2001-05-29,2180.276
2001-05-30,2211.201
2001-05-31,2214.257
2001-06-01,2219.591
2001-06-04,2226.779
2001-06-05,2234.987
2001-06-06,2238.501
2001-06-07,2229.812
2001-06-08,2223.068
2001-06-11,2214.623
2001-06-12,2222.959
2001-06-13,2242.423
2001-06-14,2202.398
2001-06-15,2210.97
2001-06-18,2167.647
2001-06-19,2170.454
2001-06-20,2163.123
2001-06-21,2189.145
2001-06-22,2206.067
2001-06-25,2230.197
2001-06-26,2233.591
2001-06-27,2229.828
2001-06-28,2219.25
2001-06-29,2218.029
2001-07-02,2205.985
2001-07-03,2211.83
2001-07-04,2202.058
2001-07-05,2181.663
2001-07-06,2170.521
2001-07-09,2169.655
2001-07-10,2189.785
2001-07-11,2168.74
2001-07-12,2165.491
2001-07-13,2161.34
2001-07-16,2146.236
2001-07-17,2140.981
2001-07-18,2146.541
2001-07-19,2150.265
2001-07-20,2179.624
2001-07-23,2169.01
2001-07-24,2136.45
2001-07-25,2112.26
2001-07-26,2094.01
2001-07-27,2065.73
2001-07-30,1956.8
2001-07-31,1920.32
2001-08-01,1986.93
2001-08-02,1957.02
2001-08-03,1958.69
2001-08-06,1882.13
2001-08-07,1903.93
2001-08-08,1895.17
2001-08-09,1924.59
2001-08-10,1955.036
2001-08-13,1955.1
2001-08-14,1939.542
2001-08-15,1947.359
2001-08-16,1919.645
2001-08-17,1924.003
2001-08-20,1934.489
2001-08-21,1938.871
2001-08-22,1903.446
2001-08-23,1902.99
2001-08-24,1886.8
2001-08-27,1827.25
2001-08-28,1843.385
2001-08-29,1847.536
2001-08-30,1839.631
2001-08-31,1834.138
2001-09-03,1817.19
2001-09-04,1862.36
2001-09-05,1868.27
2001-09-06,1861.561
2001-09-07,1808.844
2001-09-10,1856.529
2001-09-11,1863.78
2001-09-12,1852.604
2001-09-13,1839.909
2001-09-14,1818.382
2001-09-17,1784.608
2001-09-18,1798.622
2001-09-19,1822.695
2001-09-20,1818.419
2001-09-21,1807.019
2001-09-24,1794.961
2001-09-25,1793.884
2001-09-26,1767.814
2001-09-27,1764.932
2001-09-28,1764.867
2001-10-08,1726.533
2001-10-09,1744.64
2001-10-10,1686.612
2001-10-11,1638.326
2001-10-12,1691.326
2001-10-15,1687.28
2001-10-16,1655.902
2001-10-17,1643.066
2001-10-18,1615.579
2001-10-19,1572.453
2001-10-22,1520.669
2001-10-23,1670.562
2001-10-24,1718.06
2001-10-25,1676.499
2001-10-26,1677.878
2001-10-29,1700.477
2001-10-30,1682.769
2001-10-31,1689.17
2001-11-01,1707.754
2001-11-02,1691.351
2001-11-05,1679.572
2001-11-06,1671.278
2001-11-07,1594.05
2001-11-08,1605.871
2001-11-09,1630.359
2001-11-12,1621.195
2001-11-13,1615.931
2001-11-14,1617.102
2001-11-15,1621.344
2001-11-16,1646.763
2001-11-19,1669.894
2001-11-20,1699.732
2001-11-21,1705.664
2001-11-22,1715.813
2001-11-23,1712.564
2001-11-26,1705.885
2001-11-27,1722.589
2001-11-28,1735
2001-11-29,1732.296
2001-11-30,1747.993
2001-12-03,1762.562
2001-12-04,1769.681
2001-12-05,1745.227
2001-12-06,1751.182
2001-12-07,1745.407
2001-12-10,1748.682
2001-12-11,1728.878
2001-12-12,1715.172
2001-12-13,1688.013
2001-12-14,1675.514
2001-12-17,1665.938
2001-12-18,1687.29
2001-12-19,1672.698
2001-12-20,1631.537
2001-12-21,1640.142
2001-12-24,1606.104
2001-12-25,1611.17
2001-12-26,1633.643
2001-12-27,1627.923
2001-12-28,1639.484
2001-12-31,1645.971
2002-01-04,1611.393
2002-01-07,1596.76
2002-01-08,1583.461
2002-01-09,1561.349
2002-01-10,1576.437
2002-01-11,1535.593
2002-01-14,1485.108
2002-01-15,1459.653
2002-01-16,1479.619
2002-01-17,1419.519
2002-01-18,1415.438
2002-01-21,1366.968
2002-01-22,1358.691
2002-01-23,1444.965
2002-01-24,1456.404
2002-01-25,1451.484
2002-01-28,1359.549
2002-01-29,1392.775
2002-01-30,1396.605
2002-01-31,1491.665
2002-02-01,1485.77
2002-02-04,1511.327
2002-02-05,1518.28
2002-02-06,1485.802
2002-02-07,1515.394
2002-02-08,1506.615
2002-02-25,1530.284
2002-02-26,1531.43
2002-02-27,1538.319
2002-02-28,1524.701
2002-03-01,1502.54
2002-03-04,1526.804
2002-03-05,1560.079
2002-03-06,1569.208
2002-03-07,1613.001
2002-03-08,1640.256
2002-03-11,1664.094
2002-03-12,1643.692
2002-03-13,1623.432
2002-03-14,1665.151
2002-03-15,1620.976
2002-03-18,1623.884
2002-03-19,1665.357
2002-03-20,1682.51
2002-03-21,1685.017
2002-03-22,1669.694
2002-03-25,1675.289
2002-03-26,1649.484
2002-03-27,1654.231
2002-03-28,1650.673
2002-03-29,1603.905
2002-04-01,1608.506
2002-04-02,1582.883
2002-04-03,1594.508
2002-04-04,1641.699
2002-04-05,1634.643
2002-04-08,1640.65
2002-04-09,1667.522
2002-04-10,1677.658
2002-04-11,1649.53
2002-04-12,1658.979
2002-04-15,1649.5
2002-04-16,1640.285
2002-04-17,1644.395
2002-04-18,1628.137
2002-04-19,1635.172
2002-04-22,1627.48
2002-04-23,1624.546
2002-04-24,1611.051
2002-04-25,1615.919
2002-04-26,1640.589
2002-04-29,1665.812
2002-04-30,1667.749
2002-05-08,1652.368
2002-05-09,1650.578
2002-05-10,1638.198
2002-05-13,1623.94
2002-05-14,1616.231
2002-05-15,1598.354
2002-05-16,1549.501
2002-05-17,1567.497
2002-05-20,1541.53
2002-05-21,1588.108
2002-05-22,1564.489
2002-05-23,1571.611
2002-05-24,1549.466
2002-05-27,1555.048
2002-05-28,1558.524
2002-05-29,1524.806
2002-05-30,1523.522
2002-05-31,1515.733
2002-06-03,1483.348
2002-06-04,1490.514
2002-06-05,1462
2002-06-06,1521.263
2002-06-07,1529.507
2002-06-10,1517.23
2002-06-11,1530.963
2002-06-12,1524.842
2002-06-13,1511.711
2002-06-14,1494.246
2002-06-17,1496.242
2002-06-18,1524.068
2002-06-19,1507.668
2002-06-20,1516.151
2002-06-21,1562.722
2002-06-24,1707.313
2002-06-25,1706.591
2002-06-26,1712.91
2002-06-27,1723.545
2002-06-28,1732.755
2002-07-01,1713.705
2002-07-02,1724.949
2002-07-03,1730.919
2002-07-04,1713.135
2002-07-05,1722.188
2002-07-08,1732.934
2002-07-09,1729.986
2002-07-10,1701.824
2002-07-11,1696.94
2002-07-12,1698.298
2002-07-15,1687.945
2002-07-16,1691.623
2002-07-17,1701.718
2002-07-18,1704.912
2002-07-19,1713.861
2002-07-22,1681.009
2002-07-23,1673.861
2002-07-24,1672.4
2002-07-25,1665.109
2002-07-26,1657.499
2002-07-29,1665.674
2002-07-30,1669.002
2002-07-31,1651.594
2002-08-01,1653.008
2002-08-02,1661.871
2002-08-05,1653.957
2002-08-06,1670.619
2002-08-07,1668.065
2002-08-08,1659.802
2002-08-09,1647.046
2002-08-12,1634.566
2002-08-13,1636.632
2002-08-14,1646.722
2002-08-15,1634.366
2002-08-16,1646.792
2002-08-19,1644.301
2002-08-20,1671.351
2002-08-21,1673.549
2002-08-22,1686.111
2002-08-23,1683.207
2002-08-26,1670.685
2002-08-27,1679.691
2002-08-28,1676.77
2002-08-29,1667.318
2002-08-30,1666.618
2002-09-02,1668.774
2002-09-03,1674.07
2002-09-04,1663.972
2002-09-05,1641.807
2002-09-06,1631.384
2002-09-09,1621.582
2002-09-10,1625.111
2002-09-11,1620.355
2002-09-12,1624.558
2002-09-13,1625.759
2002-09-16,1604.083
2002-09-17,1604.881
2002-09-18,1594.584
2002-09-19,1619.354
2002-09-20,1604.913
2002-09-23,1602.591
2002-09-24,1596.732
2002-09-25,1597.837
2002-09-26,1587.649
2002-09-27,1581.618
2002-10-08,1562.993
2002-10-09,1535.366
2002-10-10,1530.407
2002-10-11,1524.051
2002-10-14,1531.676
2002-10-15,1524.728
2002-10-16,1537.388
2002-10-17,1513.097
2002-10-18,1519.539
2002-10-21,1524.925
2002-10-22,1548.104
2002-10-23,1548.965
2002-10-24,1536.52
2002-10-25,1520.313
2002-10-28,1502.716
2002-10-29,1510.882
2002-10-30,1509.707
2002-10-31,1507.496
2002-11-01,1510.76
2002-11-04,1531.842
2002-11-05,1558.239
2002-11-06,1552.561
2002-11-07,1554.237
2002-11-08,1522.187
2002-11-11,1504.403
2002-11-12,1485.913
2002-11-13,1490.464
2002-11-14,1460.795
2002-11-15,1463.691
2002-11-18,1451.29
2002-11-19,1462.174
2002-11-20,1425.843
2002-11-21,1390.629
2002-11-22,1395.497
2002-11-25,1398.438
2002-11-26,1371.167
2002-11-27,1378.752
2002-11-28,1417.525
2002-11-29,1434.182
2002-12-02,1395.675
2002-12-03,1408.843
2002-12-04,1414.454
2002-12-05,1404.88
2002-12-06,1405.525
2002-12-09,1400.867
2002-12-10,1383.84
2002-12-11,1379.195
2002-12-12,1383.91
2002-12-13,1396.898
2002-12-16,1408.515
2002-12-17,1416.096
2002-12-18,1411.719
2002-12-19,1413.597
2002-12-20,1427.936
2002-12-23,1430.199
2002-12-24,1430.827
2002-12-25,1421.515
2002-12-26,1384.152
2002-12-27,1382.971
2002-12-30,1366.362
2002-12-31,1357.654
2003-01-02,1320.63
2003-01-03,1319.868
2003-01-06,1334.679
2003-01-07,1332.061
2003-01-08,1372.067
2003-01-09,1397.384
2003-01-10,1384.859
2003-01-13,1386.314
2003-01-14,1466.851
2003-01-15,1459.92
2003-01-16,1485.618
2003-01-17,1478.675
2003-01-20,1482.681
2003-01-21,1454.891
2003-01-22,1460.53
2003-01-23,1450.616
2003-01-24,1479.07
2003-01-27,1496.157
2003-01-28,1500.639
2003-01-29,1499.815
2003-02-10,1480.169
2003-02-11,1492.764
2003-02-12,1510.671
2003-02-13,1504.338
2003-02-14,1510.95
2003-02-17,1496.523
2003-02-18,1496.468
2003-02-19,1510.803
2003-02-20,1509.486
2003-02-21,1478.871
2003-02-24,1481.936
2003-02-25,1511.275
2003-02-26,1513.175
2003-02-27,1513.704
2003-02-28,1511.932
2003-03-03,1525.483
2003-03-04,1524.304
2003-03-05,1517.179
2003-03-06,1498.343
2003-03-07,1493.093
2003-03-10,1468.919
2003-03-11,1469.548
2003-03-12,1475.008
2003-03-13,1464.649
2003-03-14,1466.044
2003-03-17,1469.274
2003-03-18,1459.892
2003-03-19,1469.96
2003-03-20,1464.54
2003-03-21,1474.657
2003-03-24,1477.766
2003-03-25,1462.4
2003-03-26,1456.271
2003-03-27,1499.347
2003-03-28,1491.941
2003-03-31,1510.578
2003-04-01,1522.546
2003-04-02,1521.32
2003-04-03,1511.729
2003-04-04,1521.128
2003-04-07,1515.132
2003-04-08,1520.551
2003-04-09,1543.674
2003-04-10,1551.18
2003-04-11,1576.86
2003-04-14,1616.072
2003-04-15,1631.47
2003-04-16,1606.24
2003-04-17,1613.604
2003-04-18,1603.077
2003-04-21,1571.714
2003-04-22,1568.692
2003-04-23,1541.96
2003-04-24,1503.59
2003-04-25,1487.147
2003-04-28,1537.691
2003-04-29,1509.313
2003-04-30,1521.444
2003-05-12,1531.867
2003-05-13,1485.307
2003-05-14,1522.924
2003-05-15,1555.285
2003-05-16,1554.452
2003-05-19,1555.447
2003-05-20,1535.52
2003-05-21,1533.483
2003-05-22,1546.113
2003-05-23,1560.955
2003-05-26,1569.512
2003-05-27,1568.341
2003-05-28,1551.811
2003-05-29,1568.156
2003-05-30,1576.261
2003-06-02,1576.528
2003-06-03,1562.237
2003-06-04,1574.111
2003-06-05,1556.249
2003-06-06,1538.92
2003-06-09,1530.215
2003-06-10,1538.762
2003-06-11,1565.84
2003-06-12,1562.106
2003-06-13,1566.766
2003-06-16,1559.705
2003-06-17,1557.175
2003-06-18,1553.877
2003-06-19,1538.754
2003-06-20,1529.47
2003-06-23,1511.365
2003-06-24,1512.429
2003-06-25,1502.077
2003-06-26,1515.375
2003-06-27,1497.054
2003-06-30,1486.024
2003-07-01,1484.704
2003-07-02,1499.682
2003-07-03,1504.436
2003-07-04,1502.349
2003-07-07,1501.484
2003-07-08,1512.019
2003-07-09,1503.314
2003-07-10,1531.927
2003-07-11,1528.854
2003-07-14,1521.414
2003-07-15,1525.439
2003-07-16,1529.491
2003-07-17,1539.358
2003-07-18,1507.162
2003-07-21,1495.885
2003-07-22,1498.485
2003-07-23,1502.148
2003-07-24,1493.451
2003-07-25,1477.651
2003-07-28,1470.393
2003-07-29,1477.296
2003-07-30,1479.652
2003-07-31,1476.742
2003-08-01,1476.969
2003-08-04,1494.365
2003-08-05,1494.312
2003-08-06,1486.252
2003-08-07,1487.37
2003-08-08,1471.272
2003-08-11,1474.413
2003-08-12,1479.283
2003-08-13,1465.827
2003-08-14,1455.899
2003-08-15,1450.203
2003-08-18,1445.089
2003-08-19,1449.712
2003-08-20,1441.664
2003-08-21,1441.09
2003-08-22,1438.883
2003-08-25,1422.176
2003-08-26,1425.212
2003-08-27,1425.362
2003-08-28,1415.693
2003-08-29,1421.983
2003-09-01,1449.816
2003-09-02,1446.512
2003-09-03,1447.85
2003-09-04,1447.425
2003-09-05,1431.533
2003-09-08,1425.727
2003-09-09,1420.074
2003-09-10,1423.177
2003-09-11,1423.96
2003-09-12,1409.162
2003-09-15,1397.54
2003-09-16,1406.104
2003-09-17,1389.822
2003-09-18,1390.485
2003-09-19,1391.37
2003-09-22,1381.443
2003-09-23,1390.174
2003-09-24,1394.229
2003-09-25,1376.291
2003-09-26,1370.843
2003-09-29,1355.335
2003-09-30,1367.161
2003-10-08,1371.685
2003-10-09,1369.174
2003-10-10,1404.008
2003-10-13,1399.658
2003-10-14,1388.172
2003-10-15,1383.098
2003-10-16,1365.505
2003-10-17,1370.582
2003-10-20,1359.498
2003-10-21,1364.301
2003-10-22,1398.01
2003-10-23,1386.653
2003-10-24,1381.83
2003-10-27,1369.463
2003-10-28,1369.325
2003-10-29,1361.487
2003-10-30,1344.633
2003-10-31,1348.303
2003-11-03,1364.055
2003-11-04,1389.545
2003-11-05,1385.11
2003-11-06,1356.79
2003-11-07,1335.205
2003-11-10,1340.097
2003-11-11,1343.616
2003-11-12,1317.792
2003-11-13,1319.608
2003-11-14,1331.051
2003-11-17,1328.103
2003-11-18,1316.562
2003-11-19,1338.87
2003-11-20,1376.506
2003-11-21,1361.559
2003-11-24,1404.008
2003-11-25,1408.415
2003-11-26,1411.909
2003-11-27,1389.103
2003-11-28,1397.225
2003-12-01,1432.703
2003-12-02,1435.314
2003-12-03,1445.026
2003-12-04,1452.809
2003-12-05,1451.118
2003-12-08,1436.663
2003-12-09,1443.366
2003-12-10,1469.422
2003-12-11,1470.023
2003-12-12,1470.792
2003-12-15,1470.357
2003-12-16,1466.337
2003-12-17,1453.995
2003-12-18,1457.301
2003-12-19,1446.285
2003-12-22,1492.963
2003-12-23,1500.64
2003-12-24,1513.825
2003-12-25,1512.597
2003-12-26,1514.775
2003-12-29,1496.427
2003-12-30,1511.691
2003-12-31,1497.044
2004-01-02,1517.193
2004-01-05,1568.353
2004-01-06,1574.523
2004-01-07,1587.204
2004-01-08,1610.126
2004-01-09,1581.466
2004-01-12,1618.518
2004-01-13,1612.683
2004-01-14,1592.423
2004-01-15,1586.493
2004-01-16,1600.425
2004-01-29,1628.837
2004-01-30,1590.729
2004-02-02,1623.88
2004-02-03,1649.282
2004-02-04,1685.159
2004-02-05,1693.428
2004-02-06,1679.193
2004-02-09,1703.529
2004-02-10,1691.009
2004-02-11,1677.759
2004-02-12,1663.832
2004-02-13,1658.539
2004-02-16,1696.827
2004-02-17,1703.774
2004-02-18,1717.096
2004-02-19,1717.015
2004-02-20,1721.752
2004-02-23,1681.654
2004-02-24,1682.297
2004-02-25,1647.381
2004-02-26,1654.898
2004-02-27,1675.067
2004-03-01,1689.76
2004-03-02,1687.278
2004-03-03,1661.812
2004-03-04,1668.874
2004-03-05,1662.096
2004-03-08,1637.144
2004-03-09,1637.099
2004-03-10,1678.073
2004-03-11,1691.643
2004-03-12,1694.743
2004-03-15,1736.22
2004-03-16,1745.543
2004-03-17,1745.098
2004-03-18,1717.26
2004-03-19,1747.872
2004-03-22,1755.685
2004-03-23,1741.695
2004-03-24,1740.054
2004-03-25,1736.477
2004-03-26,1734.047
2004-03-29,1719.674
2004-03-30,1724.277
2004-03-31,1741.623
2004-04-01,1758.147
2004-04-02,1768.645
2004-04-05,1766.483
2004-04-06,1777.516
2004-04-07,1774.552
2004-04-08,1770.279
2004-04-09,1727.348
2004-04-12,1722.986
2004-04-13,1715.136
2004-04-14,1697.156
2004-04-15,1679.076
2004-04-16,1693.861
2004-04-19,1675.885
2004-04-20,1669.422
2004-04-21,1651.577
2004-04-22,1657.785
2004-04-23,1635.501
2004-04-26,1635.499
2004-04-27,1611.86
2004-04-28,1606.801
2004-04-29,1579.447
2004-04-30,1595.587
2004-05-10,1560.215
2004-05-11,1568.059
2004-05-12,1603.768
2004-05-13,1597.57
2004-05-14,1562.688
2004-05-17,1539.959
2004-05-18,1555.442
2004-05-19,1558.287
2004-05-20,1549.061
2004-05-21,1558.33
2004-05-24,1550.348
2004-05-25,1518.045
2004-05-26,1524.436
2004-05-27,1557.178
2004-05-28,1548.722
2004-05-31,1555.906
2004-06-01,1579.658
2004-06-02,1567.067
2004-06-03,1543.527
2004-06-04,1542.086
2004-06-07,1517.145
2004-06-08,1493.814
2004-06-09,1468.071
2004-06-10,1468.344
2004-06-11,1472.072
2004-06-14,1438.736
2004-06-15,1463.777
2004-06-16,1475.416
2004-06-17,1445.501
2004-06-18,1427.301
2004-06-21,1433.467
2004-06-22,1450.683
2004-06-23,1440.729
2004-06-24,1427.754
2004-06-25,1401.113
2004-06-28,1385.181
2004-06-29,1408.689
2004-06-30,1399.162
2004-07-01,1441.068
2004-07-02,1441.19
2004-07-05,1444.59
2004-07-06,1450.501
2004-07-07,1438.398
2004-07-08,1439.783
2004-07-09,1430.654
2004-07-12,1397.148
2004-07-13,1399.461
2004-07-14,1403.755
2004-07-15,1421.544
2004-07-16,1456.13
2004-07-19,1457.537
2004-07-20,1447.941
2004-07-21,1448.037
2004-07-22,1407.438
2004-07-23,1407.396
2004-07-26,1387.67
2004-07-27,1384.128
2004-07-28,1388.81
2004-07-29,1407.331
2004-07-30,1386.202
2004-08-02,1373.217
2004-08-03,1366.258
2004-08-04,1404.505
2004-08-05,1389.039
2004-08-06,1390.461
2004-08-09,1395.848
2004-08-10,1400.769
2004-08-11,1384.964
2004-08-12,1368.196
2004-08-13,1368.45
2004-08-16,1354.511
2004-08-17,1360.2
2004-08-18,1358.216
2004-08-19,1340.45
2004-08-20,1341.738
2004-08-23,1325.413
2004-08-24,1344.626
2004-08-25,1339.784
2004-08-26,1334.422
2004-08-27,1320.614
2004-08-30,1319.407
2004-08-31,1342.062
2004-09-01,1321.462
2004-09-02,1327.927
2004-09-03,1327.116
2004-09-06,1321.465
2004-09-07,1324.294
2004-09-08,1309.333
2004-09-09,1284.307
2004-09-10,1287.081
2004-09-13,1260.316
2004-09-14,1300.357
2004-09-15,1355.226
2004-09-16,1371.201
2004-09-17,1414.702
2004-09-20,1463.221
2004-09-21,1448.562
2004-09-22,1420.148
2004-09-23,1464.779
2004-09-24,1435.563
2004-09-27,1427.398
2004-09-28,1435.589
2004-09-29,1420.009
2004-09-30,1396.7
2004-10-08,1422.929
2004-10-11,1413.154
2004-10-12,1384.439
2004-10-13,1386.721
2004-10-14,1332.938
2004-10-15,1330.518
2004-10-18,1335.394
2004-10-19,1337.618
2004-10-20,1330.584
2004-10-21,1310.545
2004-10-22,1329.355
2004-10-25,1311.151
2004-10-26,1324.783
2004-10-27,1342.799
2004-10-28,1341.737
2004-10-29,1320.536
2004-11-01,1305.291
2004-11-02,1301.528
2004-11-03,1326.749
2004-11-04,1304.776
2004-11-05,1305.128
2004-11-08,1304.229
2004-11-09,1307.429
2004-11-10,1354.386
2004-11-11,1347.07
2004-11-12,1352.217
2004-11-15,1370.046
2004-11-16,1370.389
2004-11-17,1356.138
2004-11-18,1367.828
2004-11-19,1379.96
2004-11-22,1383.02
2004-11-23,1371.244
2004-11-24,1359.125
2004-11-25,1358.333
2004-11-26,1356.727
2004-11-29,1337.434
2004-11-30,1340.771
2004-12-01,1334.944
2004-12-02,1333.09
2004-12-03,1337.197
2004-12-06,1339.644
2004-12-07,1323.752
2004-12-08,1326.438
2004-12-09,1338.81
2004-12-10,1317.717
2004-12-13,1309.695
2004-12-14,1307.553
2004-12-15,1313.045
2004-12-16,1305.018
2004-12-17,1290.49
2004-12-20,1275.459
2004-12-21,1275.17
2004-12-22,1307.57
2004-12-23,1282.719
2004-12-24,1285.036
2004-12-27,1280.272
2004-12-28,1278.943
2004-12-29,1274.313
2004-12-30,1273.709
2004-12-31,1266.496
2005-01-04,1242.774
2005-01-05,1251.937
2005-01-06,1239.43
2005-01-07,1244.746
2005-01-10,1252.401
2005-01-11,1257.462
2005-01-12,1256.923
2005-01-13,1256.314
2005-01-14,1245.62
2005-01-17,1216.652
2005-01-18,1225.454
2005-01-19,1218.108
2005-01-20,1204.394
2005-01-21,1234.476
2005-01-24,1255.777
2005-01-25,1254.234
2005-01-26,1241.958
2005-01-27,1225.891
2005-01-28,1213.673
2005-01-31,1191.823
2005-02-01,1188.931
2005-02-02,1252.5
2005-02-03,1242.307
2005-02-04,1269.004
2005-02-16,1278.88
2005-02-17,1276.134
2005-02-18,1258.969
2005-02-21,1284.48
2005-02-22,1309.277
2005-02-23,1309.475
2005-02-24,1309.949
2005-02-25,1312.445
2005-02-28,1306.003
2005-03-01,1303.412
2005-03-02,1287.45
2005-03-03,1294.339
2005-03-04,1287.714
2005-03-07,1293.739
2005-03-08,1318.271
2005-03-09,1316.791
2005-03-10,1286.233
2005-03-11,1289.941
2005-03-14,1293.5
2005-03-15,1269.144
2005-03-16,1255.589
2005-03-17,1243.475
2005-03-18,1227.403
2005-03-21,1231.046
2005-03-22,1206.922
2005-03-23,1201.649
2005-03-24,1208.192
2005-03-25,1205.634
2005-03-28,1200.113
2005-03-29,1195.018
2005-03-30,1172.574
2005-03-31,1181.236
2005-04-01,1223.566
2005-04-04,1202.967
2005-04-05,1191.745
2005-04-06,1214.868
2005-04-07,1225.487
2005-04-08,1248.521
2005-04-11,1240.972
2005-04-12,1219.511
2005-04-13,1248.203
2005-04-14,1234.332
2005-04-15,1216.962
2005-04-18,1197.735
2005-04-19,1199.902
2005-04-20,1184.193
2005-04-21,1172.556
2005-04-22,1169.187
2005-04-25,1157.971
2005-04-26,1165.335
2005-04-27,1148.757
2005-04-28,1169.118
2005-04-29,1159.146
2005-05-09,1130.835
2005-05-10,1135.561
2005-05-11,1124.271
2005-05-12,1103.993
2005-05-13,1107.627
2005-05-16,1095.468
2005-05-17,1099.64
2005-05-18,1102.965
2005-05-19,1103.475
2005-05-20,1099.269
2005-05-23,1070.844
2005-05-24,1073.847
2005-05-25,1072.137
2005-05-26,1058.867
2005-05-27,1051.946
2005-05-30,1060.162
2005-05-31,1060.738
2005-06-01,1039.187
2005-06-02,1016.063
2005-06-03,1013.637
2005-06-06,1034.378
2005-06-07,1030.941
2005-06-08,1115.582
2005-06-09,1131.052
2005-06-10,1108.286
2005-06-13,1106.291
2005-06-14,1093.464
2005-06-15,1072.836
2005-06-16,1086.01
2005-06-17,1085.61
2005-06-20,1115.62
2005-06-21,1101.486
2005-06-22,1102.033
2005-06-23,1093.702
2005-06-24,1101.882
2005-06-27,1124.64
2005-06-28,1108.588
2005-06-29,1104.992
2005-06-30,1080.938
2005-07-01,1055.594
2005-07-04,1047.278
2005-07-05,1039.043
2005-07-06,1033.545
2005-07-07,1038.597
2005-07-08,1017.983
2005-07-11,1011.499
2005-07-12,1046.161
2005-07-13,1037.394
2005-07-14,1040.416
2005-07-15,1026.115
2005-07-18,1012.097
2005-07-19,1014.355
2005-07-20,1021.052
2005-07-21,1020.632
2005-07-22,1046.321
2005-07-25,1045.4
2005-07-26,1072.807
2005-07-27,1089.909
2005-07-28,1086.548
2005-07-29,1083.033
2005-08-01,1088.948
2005-08-02,1104.038
2005-08-03,1107.699
2005-08-04,1102.589
2005-08-05,1128.743
2005-08-08,1138.882
2005-08-09,1152.534
2005-08-10,1165.033
2005-08-11,1183.579
2005-08-12,1167.915
2005-08-15,1187.006
2005-08-16,1177.278
2005-08-17,1192.834
2005-08-18,1148.035
2005-08-19,1150.184
2005-08-22,1158.597
2005-08-23,1149.957
2005-08-24,1167.137
2005-08-25,1172.475
2005-08-26,1171.86
2005-08-29,1154.428
2005-08-30,1146.385
2005-08-31,1162.798
2005-09-01,1184.933
2005-09-02,1188.848
2005-09-05,1196.224
2005-09-06,1173.322
2005-09-07,1194.309
2005-09-08,1194.411
2005-09-09,1189.625
2005-09-12,1188.212
2005-09-13,1207.164
2005-09-14,1217.261
2005-09-15,1217.281
2005-09-16,1212.947
2005-09-19,1220.627
2005-09-20,1212.617
2005-09-21,1187.988
2005-09-22,1159.96
2005-09-23,1151.98
2005-09-26,1155.042
2005-09-27,1133.237
2005-09-28,1131.774
2005-09-29,1155.485
2005-09-30,1155.614
2005-10-10,1138.95
2005-10-11,1157.192
2005-10-12,1161.853
2005-10-13,1152.607
2005-10-14,1139.547
2005-10-17,1131.375
2005-10-18,1141.201
2005-10-19,1134.608
2005-10-20,1135.949
2005-10-21,1141.318
2005-10-24,1141.171
2005-10-25,1121.918
2005-10-26,1097.161
2005-10-27,1097.782
2005-10-28,1080.867
2005-10-31,1092.817
2005-11-01,1089.95
2005-11-02,1104.792
2005-11-03,1095.273
2005-11-04,1100.045
2005-11-07,1100.65
2005-11-08,1110.147
2005-11-09,1108.153
2005-11-10,1088.301
2005-11-11,1090.195
2005-11-14,1088.653
2005-11-15,1087.508
2005-11-16,1095.89
2005-11-17,1095.31
2005-11-18,1116.999
2005-11-21,1119.936
2005-11-22,1098.655
2005-11-23,1105.746
2005-11-24,1113.374
2005-11-25,1114.916
2005-11-28,1110.823
2005-11-29,1096.986
2005-11-30,1099.261
2005-12-01,1098.747
2005-12-02,1094.287
2005-12-05,1079.197
2005-12-06,1087.794
2005-12-07,1099.615
2005-12-08,1098.323
2005-12-09,1113.477
2005-12-12,1116.367
2005-12-13,1117.846
2005-12-14,1125.387
2005-12-15,1123.555
2005-12-16,1127.508
2005-12-19,1131.751
2005-12-20,1136.342
2005-12-21,1130.759
2005-12-22,1135.238
2005-12-23,1144.871
2005-12-26,1156.823
2005-12-27,1154.288
2005-12-28,1157.034
2005-12-29,1169.862
2005-12-30,1161.057
2006-01-04,1180.963
2006-01-05,1197.269
2006-01-06,1209.422
2006-01-09,1215.668
2006-01-10,1220.618
2006-01-11,1211.053
2006-01-12,1226.704
2006-01-13,1221.459
2006-01-16,1202.869
2006-01-17,1208.438
2006-01-18,1233.35
2006-01-19,1251.576
2006-01-20,1255.308
2006-01-23,1255.774
2006-01-24,1252.062
2006-01-25,1258.046
2006-02-06,1287.626
2006-02-07,1282.096
2006-02-08,1290.055
2006-02-09,1269.454
2006-02-10,1282.656
2006-02-13,1279.64
2006-02-14,1286.327
2006-02-15,1299.166
2006-02-16,1270.633
2006-02-17,1267.408
2006-02-20,1267.542
2006-02-21,1288.419
2006-02-22,1284.226
2006-02-23,1288.847
2006-02-24,1296.866
2006-02-27,1297.186
2006-02-28,1299.03
2006-03-01,1306.586
2006-03-02,1285.666
2006-03-03,1293.297
2006-03-06,1288.955
2006-03-07,1259.916
2006-03-08,1250.384
2006-03-09,1245.166
2006-03-10,1245.653
2006-03-13,1259.674
2006-03-14,1259.044
2006-03-15,1274.812
2006-03-16,1274.19
2006-03-17,1269.462
2006-03-20,1288.418
2006-03-21,1290.395
2006-03-22,1296.706
2006-03-23,1302.457
2006-03-24,1294.704
2006-03-27,1295.915
2006-03-28,1298.791
2006-03-29,1305.567
2006-03-30,1294.718
2006-03-31,1298.295
2006-04-03,1319.471
2006-04-04,1329.798
2006-04-05,1340.162
2006-04-06,1339.737
2006-04-07,1342.965
2006-04-10,1359.081
2006-04-11,1362.229
2006-04-12,1360.132
2006-04-13,1332.33
2006-04-14,1359.538
2006-04-17,1378.614
2006-04-18,1385.114
2006-04-19,1396.702
2006-04-20,1385.9
2006-04-21,1416.793
2006-04-24,1409.786
2006-04-25,1399.767
2006-04-26,1417.477
2006-04-27,1416.732
2006-04-28,1440.223
2006-05-08,1497.104
2006-05-09,1531.161
2006-05-10,1545.687
2006-05-11,1537.377
2006-05-12,1602.832
2006-05-15,1664.088
2006-05-16,1613.251
2006-05-17,1625.146
2006-05-18,1617.281
2006-05-19,1659.545
2006-05-22,1657.689
2006-05-23,1604.552
2006-05-24,1590.924
2006-05-25,1591.425
2006-05-26,1613.894
2006-05-29,1648.538
2006-05-30,1657.288
2006-05-31,1641.3
2006-06-01,1684.195
2006-06-02,1669.399
2006-06-05,1684.624
2006-06-06,1679.126
2006-06-07,1589.545
2006-06-08,1591.49
2006-06-09,1551.384
2006-06-12,1552.798
2006-06-13,1548.495
2006-06-14,1531.327
2006-06-15,1533.98
2006-06-16,1574.467
2006-06-19,1586.286
2006-06-20,1592.332
2006-06-21,1598.116
2006-06-22,1596.066
2006-06-23,1605.711
2006-06-26,1633.449
2006-06-27,1639.551
2006-06-28,1639.286
2006-06-29,1671.618
2006-06-30,1672.211
2006-07-03,1697.282
2006-07-04,1681.547
2006-07-05,1718.555
2006-07-06,1741.47
2006-07-07,1730.19
2006-07-10,1734.329
2006-07-11,1745.806
2006-07-12,1740
2006-07-13,1655.773
2006-07-14,1665.208
2006-07-17,1682.887
2006-07-18,1684.252
2006-07-19,1645.16
2006-07-20,1655.122
2006-07-21,1665.328
2006-07-24,1665.944
2006-07-25,1685.461
2006-07-26,1686.654
2006-07-27,1675.168
2006-07-28,1662.031
2006-07-31,1612.733
2006-08-01,1600.614
2006-08-02,1600.872
2006-08-03,1601.058
2006-08-04,1570.15
2006-08-07,1547.436
2006-08-08,1580.577
2006-08-09,1578.566
2006-08-10,1606.065
2006-08-11,1605.926
2006-08-14,1570.738
2006-08-15,1595.657
2006-08-16,1616.41
2006-08-17,1603.332
2006-08-18,1598.018
2006-08-21,1601.15
2006-08-22,1613.355
2006-08-23,1612.396
2006-08-24,1623.017
2006-08-25,1623.034
2006-08-28,1650.438
2006-08-29,1651.024
2006-08-30,1655.195
2006-08-31,1658.638
2006-09-01,1636.691
2006-09-04,1657.52
2006-09-05,1664.078
2006-09-06,1672.121
2006-09-07,1661.19
2006-09-08,1667.984
2006-09-11,1674.966
2006-09-12,1695.862
2006-09-13,1689.389
2006-09-14,1689.692
2006-09-15,1721.045
2006-09-18,1732.987
2006-09-19,1735.241
2006-09-20,1732.453
2006-09-21,1740.901
2006-09-22,1725.361
2006-09-25,1722.366
2006-09-26,1712.637
2006-09-27,1725.039
2006-09-28,1736.963
2006-09-29,1752.424
2006-10-09,1785.385
2006-10-10,1784.862
2006-10-11,1790.104
2006-10-12,1778.181
2006-10-13,1784.656
2006-10-16,1771.299
2006-10-17,1763.901
2006-10-18,1787.185
2006-10-19,1792.253
2006-10-20,1790.364
2006-10-23,1759.394
2006-10-24,1805.181
2006-10-25,1806.646
2006-10-26,1810.646
2006-10-27,1807.175
2006-10-30,1809.656
2006-10-31,1837.993
2006-11-01,1855.713
2006-11-02,1851.314
2006-11-03,1866.362
2006-11-06,1886.307
2006-11-07,1889.53
2006-11-08,1866.817
2006-11-09,1896.482
2006-11-10,1883.347
2006-11-13,1863.765
2006-11-14,1888.239
2006-11-15,1922.935
2006-11-16,1941.547
2006-11-17,1971.793
2006-11-20,2017.279
2006-11-21,2037.552
2006-11-22,2041.355
2006-11-23,2062.363
2006-11-24,2050.812
2006-11-27,2047.277
2006-11-28,2038.721
2006-11-29,2054.091
2006-11-30,2099.289
2006-12-01,2102.049
2006-12-04,2161.648
2006-12-05,2173.285
2006-12-06,2156.604
2006-12-07,2156.75
2006-12-08,2093.638
2006-12-11,2180.496
2006-12-12,2218.951
2006-12-13,2223.455
2006-12-14,2249.11
2006-12-15,2273.908
2006-12-18,2332.434
2006-12-19,2364.177
2006-12-20,2373.205
2006-12-21,2342.938
2006-12-22,2343.668
2006-12-25,2435.762
2006-12-26,2479.732
2006-12-27,2536.387
2006-12-28,2567.594
2006-12-29,2675.474
2007-01-04,2715.719
2007-01-05,2641.334
2007-01-08,2707.199
2007-01-09,2807.804
2007-01-10,2825.576
2007-01-11,2770.11
2007-01-12,2668.11
2007-01-15,2794.701
2007-01-16,2821.017
2007-01-17,2778.9
2007-01-18,2756.983
2007-01-19,2832.207
2007-01-22,2933.19
2007-01-23,2949.144
2007-01-24,2975.129
2007-01-25,2857.365
2007-01-26,2882.558
2007-01-29,2945.263
2007-01-30,2930.562
2007-01-31,2786.335
2007-02-01,2785.432
2007-02-02,2673.212
2007-02-05,2612.537
2007-02-06,2675.697
2007-02-07,2716.175
2007-02-08,2737.732
2007-02-09,2730.386
2007-02-12,2807.174
2007-02-13,2831.872
2007-02-14,2905.093
2007-02-15,2993.008
2007-02-16,2998.474
2007-02-26,3040.599
2007-02-27,2771.791
2007-02-28,2881.073
2007-03-01,2797.19
2007-03-02,2831.526
2007-03-05,2785.306
2007-03-06,2840.175
2007-03-07,2896.594
2007-03-08,2928.015
2007-03-09,2937.91
2007-03-12,2954.914
2007-03-13,2964.794
2007-03-14,2906.334
2007-03-15,2951.698
2007-03-16,2930.481
2007-03-19,3014.442
2007-03-20,3032.195
2007-03-21,3057.38
2007-03-22,3071.225
2007-03-23,3074.286
2007-03-26,3122.811
2007-03-27,3138.826
2007-03-28,3173.018
2007-03-29,3197.537
2007-03-30,3183.983
2007-04-02,3252.595
2007-04-03,3291.299
2007-04-04,3291.542
2007-04-05,3319.14
2007-04-06,3323.585
2007-04-09,3398.95
2007-04-10,3444.291
2007-04-11,3495.224
2007-04-12,3531.029
2007-04-13,3518.267
2007-04-16,3596.441
2007-04-17,3611.87
2007-04-18,3612.396
2007-04-19,3449.016
2007-04-20,3584.204
2007-04-23,3710.886
2007-04-24,3720.532
2007-04-25,3743.959
2007-04-26,3783.063
2007-04-27,3759.867
2007-04-30,3841.272
2007-05-08,3950.011
2007-05-09,4013.085
2007-05-10,4049.701
2007-05-11,4021.678
2007-05-14,4046.392
2007-05-15,3899.178
2007-05-16,3986.043
2007-05-17,4048.293
2007-05-18,4030.258
2007-05-21,4072.225
2007-05-22,4110.379
2007-05-23,4173.709
2007-05-24,4151.133
2007-05-25,4179.776
2007-05-28,4272.111
2007-05-29,4334.924
2007-05-30,4053.088
2007-05-31,4109.654
2007-06-01,4000.742
2007-06-04,3670.401
2007-06-05,3767.101
2007-06-06,3776.317
2007-06-07,3890.803
2007-06-08,3913.135
2007-06-11,3995.68
2007-06-12,4072.138
2007-06-13,4176.48
2007-06-14,4115.209
2007-06-15,4132.869
2007-06-18,4253.348
2007-06-19,4269.524
2007-06-20,4181.323
2007-06-21,4230.823
2007-06-22,4091.445
2007-06-25,3941.081
2007-06-26,3973.371
2007-06-27,4078.599
2007-06-28,3914.204
2007-06-29,3820.703
2007-07-02,3836.294
2007-07-03,3899.724
2007-07-04,3816.165
2007-07-05,3615.872
2007-07-06,3781.348
2007-07-09,3883.216
2007-07-10,3853.021
2007-07-11,3865.723
2007-07-12,3915.991
2007-07-13,3914.395
2007-07-16,3821.916
2007-07-17,3896.191
2007-07-18,3930.06
2007-07-19,3912.941
2007-07-20,4058.853
2007-07-23,4213.361
2007-07-24,4210.329
2007-07-25,4323.966
2007-07-26,4346.458
2007-07-27,4345.357
2007-07-30,4440.769
2007-07-31,4471.032
2007-08-01,4300.563
2007-08-02,4407.73
2007-08-03,4560.774
2007-08-06,4628.108
2007-08-07,4651.225
2007-08-08,4663.162
2007-08-09,4754.095
2007-08-10,4749.369
2007-08-13,4820.064
2007-08-14,4872.785
2007-08-15,4869.883
2007-08-16,4765.448
2007-08-17,4656.574
2007-08-20,4904.855
2007-08-21,4955.207
2007-08-22,4980.075
2007-08-23,5032.494
2007-08-24,5107.668
2007-08-27,5150.118
2007-08-28,5194.689
2007-08-29,5109.427
2007-08-30,5167.884
2007-08-31,5218.825
2007-09-03,5321.055
2007-09-04,5294.045
2007-09-05,5310.716
2007-09-06,5393.66
2007-09-07,5277.176
2007-09-10,5355.287
2007-09-11,5113.968
2007-09-12,5172.627
2007-09-13,5273.592
2007-09-14,5312.182
2007-09-17,5421.392
2007-09-18,5425.208
2007-09-19,5395.265
2007-09-20,5470.065
2007-09-21,5454.674
2007-09-24,5485.013
2007-09-25,5425.88
2007-09-26,5338.52
2007-09-27,5409.403
2007-09-28,5552.301
2007-10-08,5692.755
2007-10-09,5715.892
2007-10-10,5771.464
2007-10-11,5913.23
2007-10-12,5903.264
2007-10-15,6030.086
2007-10-16,6092.057
2007-10-17,6036.281
2007-10-18,5825.282
2007-10-19,5818.047
2007-10-22,5667.332
2007-10-23,5773.387
2007-10-24,5843.109
2007-10-25,5562.394
2007-10-26,5589.631
2007-10-29,5747.997
2007-10-30,5897.193
2007-10-31,5954.765
2007-11-01,5914.285
2007-11-02,5777.809
2007-11-05,5634.452
2007-11-06,5536.569
2007-11-07,5601.783
2007-11-08,5330.023
2007-11-09,5315.54
2007-11-12,5187.735
2007-11-13,5158.118
2007-11-14,5412.694
2007-11-15,5365.267
2007-11-16,5316.274
2007-11-19,5269.817
2007-11-20,5293.703
2007-11-21,5214.225
2007-11-22,4984.161
2007-11-23,5032.13
2007-11-26,4958.849
2007-11-27,4861.111
2007-11-28,4803.394
2007-11-29,5003.333
2007-11-30,4871.778
2007-12-03,4868.611
2007-12-04,4915.889
2007-12-05,5042.654
2007-12-06,5035.073
2007-12-07,5091.756
2007-12-10,5161.919
2007-12-11,5175.076
2007-12-12,5095.543
2007-12-13,4958.043
2007-12-14,5007.911
2007-12-17,4876.761
2007-12-18,4836.174
2007-12-19,4941.784
2007-12-20,5043.535
2007-12-21,5101.779
2007-12-24,5234.262
2007-12-25,5201.181
2007-12-26,5233.351
2007-12-27,5308.889
2007-12-28,5261.563
2008-01-02,5272.814
2008-01-03,5319.861
2008-01-04,5361.574
2008-01-07,5393.343
2008-01-08,5386.531
2008-01-09,5435.807
2008-01-10,5456.541
2008-01-11,5484.677
2008-01-14,5497.901
2008-01-15,5443.791
2008-01-16,5290.606
2008-01-17,5151.626
2008-01-18,5180.514
2008-01-21,4914.435
2008-01-22,4559.751
2008-01-23,4703.047
2008-01-24,4717.734
2008-01-25,4761.688
2008-01-28,4419.294
2008-01-29,4457.944
2008-01-30,4417.849
2008-01-31,4383.393
2008-02-01,4320.767
2008-02-04,4672.17
2008-02-05,4599.696
2008-02-13,4490.721
2008-02-14,4552.316
2008-02-15,4497.127
2008-02-18,4568.151
2008-02-19,4664.295
2008-02-20,4567.026
2008-02-21,4527.177
2008-02-22,4370.285
2008-02-25,4192.533
2008-02-26,4238.179
2008-02-27,4334.047
2008-02-28,4299.513
2008-02-29,4348.543
2008-03-03,4438.265
2008-03-04,4335.446
2008-03-05,4292.654
2008-03-06,4360.986
2008-03-07,4300.515
2008-03-10,4146.299
2008-03-11,4165.878
2008-03-12,4070.116
2008-03-13,3971.257
2008-03-14,3962.673
2008-03-17,3820.048
2008-03-18,3668.897
2008-03-19,3761.605
2008-03-20,3804.054
2008-03-21,3796.576
2008-03-24,3626.188
2008-03-25,3629.619
2008-03-26,3606.857
2008-03-27,3411.493
2008-03-28,3580.146
2008-03-31,3472.713
2008-04-01,3329.162
2008-04-02,3347.882
2008-04-03,3446.244
2008-04-07,3599.618
2008-04-08,3612.539
2008-04-09,3413.907
2008-04-10,3471.743
2008-04-11,3492.893
2008-04-14,3296.672
2008-04-15,3348.353
2008-04-16,3291.599
2008-04-17,3222.741
2008-04-18,3094.668
2008-04-21,3116.977
2008-04-22,3147.793
2008-04-23,3278.33
2008-04-24,3583.028
2008-04-25,3557.749
2008-04-28,3474.722
2008-04-29,3523.405
2008-04-30,3693.106
2008-05-05,3761.009
2008-05-06,3733.503
2008-05-07,3579.147
2008-05-08,3656.839
2008-05-09,3613.494
2008-05-12,3626.982
2008-05-13,3560.243
2008-05-14,3657.432
2008-05-15,3637.324
2008-05-16,3624.233
2008-05-19,3604.761
2008-05-20,3443.162
2008-05-21,3544.186
2008-05-22,3485.63
2008-05-23,3473.091
2008-05-26,3364.544
2008-05-27,3375.407
2008-05-28,3459.026
2008-05-29,3401.437
2008-05-30,3433.354
2008-06-02,3459.044
2008-06-03,3436.398
2008-06-04,3369.913
2008-06-05,3351.645
2008-06-06,3329.67
2008-06-10,3072.333
2008-06-11,3024.24
2008-06-12,2957.532
2008-06-13,2868.8
2008-06-16,2874.103
2008-06-17,2794.751
2008-06-18,2941.115
2008-06-19,2748.874
2008-06-20,2831.736
2008-06-23,2760.417
2008-06-24,2803.019
2008-06-25,2905.014
2008-06-26,2901.85
2008-06-27,2748.432
2008-06-30,2736.103
2008-07-01,2651.605
2008-07-02,2651.725
2008-07-03,2703.529
2008-07-04,2669.892
2008-07-07,2792.397
2008-07-08,2814.947
2008-07-09,2920.546
2008-07-10,2875.45
2008-07-11,2856.634
2008-07-14,2878.256
2008-07-15,2779.448
2008-07-16,2705.867
2008-07-17,2684.778
2008-07-18,2778.367
2008-07-21,2861.418
2008-07-22,2846.117
2008-07-23,2837.849
2008-07-24,2910.292
2008-07-25,2865.101
2008-07-28,2903.012
2008-07-29,2850.311
2008-07-30,2836.668
2008-07-31,2775.717
2008-08-01,2801.817
2008-08-04,2741.74
2008-08-05,2690.746
2008-08-06,2719.368
2008-08-07,2727.577
2008-08-08,2605.719
2008-08-11,2470.074
2008-08-12,2457.198
2008-08-13,2446.297
2008-08-14,2437.082
2008-08-15,2450.61
2008-08-18,2319.868
2008-08-19,2344.469
2008-08-20,2523.282
2008-08-21,2431.716
2008-08-22,2405.226
2008-08-25,2413.374
2008-08-26,2350.084
2008-08-27,2342.147
2008-08-28,2350.143
2008-08-29,2397.369
2008-09-01,2325.135
2008-09-02,2304.891
2008-09-03,2276.672
2008-09-04,2277.411
2008-09-05,2202.446
2008-09-08,2143.421
2008-09-09,2145.779
2008-09-10,2150.759
2008-09-11,2078.981
2008-09-12,2079.673
2008-09-16,1986.636
2008-09-17,1929.047
2008-09-18,1895.837
2008-09-19,2075.091
2008-09-22,2236.41
2008-09-23,2201.51
2008-09-24,2216.811
2008-09-25,2297.501
2008-09-26,2293.784
2008-10-06,2173.738
2008-10-07,2157.839
2008-10-08,2092.224
2008-10-09,2074.583
2008-10-10,2000.572
2008-10-13,2073.568
2008-10-14,2017.321
2008-10-15,1994.667
2008-10-16,1909.941
2008-10-17,1930.651
2008-10-20,1974.006
2008-10-21,1958.529
2008-10-22,1895.822
2008-10-23,1875.561
2008-10-24,1839.621
2008-10-27,1723.351
2008-10-28,1771.821
2008-10-29,1719.812
2008-10-30,1763.607
2008-10-31,1728.786
2008-11-03,1719.774
2008-11-04,1706.703
2008-11-05,1760.609
2008-11-06,1717.722
2008-11-07,1747.713
2008-11-10,1874.801
2008-11-11,1843.607
2008-11-12,1859.11
2008-11-13,1927.613
2008-11-14,1986.438
2008-11-17,2030.485
2008-11-18,1902.43
2008-11-19,2017.474
2008-11-20,1983.76
2008-11-21,1969.389
2008-11-24,1897.06
2008-11-25,1888.715
2008-11-26,1897.884
2008-11-27,1917.861
2008-11-28,1871.156
2008-12-01,1894.615
2008-12-02,1889.638
2008-12-03,1965.414
2008-12-04,2001.504
2008-12-05,2018.656
2008-12-08,2090.773
2008-12-09,2037.74
2008-12-10,2079.117
2008-12-11,2031.681
2008-12-12,1954.215
2008-12-15,1964.374
2008-12-16,1975.006
2008-12-17,1976.819
2008-12-18,2015.694
2008-12-19,2018.463
2008-12-22,1987.755
2008-12-23,1897.225
2008-12-24,1863.8
2008-12-25,1852.419
2008-12-26,1851.518
2008-12-29,1850.48
2008-12-30,1832.91
2008-12-31,1820.805
2009-01-05,1880.716
2009-01-06,1937.145
2009-01-07,1924.012
2009-01-08,1878.181
2009-01-09,1904.861
2009-01-12,1900.347
2009-01-13,1863.367
2009-01-14,1928.869
2009-01-15,1920.206
2009-01-16,1954.438
2009-01-19,1986.672
2009-01-20,1994.107
2009-01-21,1985.016
2009-01-22,2004.951
2009-01-23,1990.657
2009-02-02,2011.683
2009-02-03,2060.808
2009-02-04,2107.749
2009-02-05,2098.018
2009-02-06,2181.239
2009-02-09,2224.714
2009-02-10,2265.161
2009-02-11,2260.82
2009-02-12,2248.091
2009-02-13,2320.792
2009-02-16,2389.387
2009-02-17,2319.441
2009-02-18,2209.862
2009-02-19,2227.125
2009-02-20,2261.478
2009-02-23,2305.777
2009-02-24,2200.654
2009-02-25,2206.574
2009-02-26,2121.251
2009-02-27,2082.852
2009-03-02,2093.447
2009-03-03,2071.431
2009-03-04,2198.107
2009-03-05,2221.076
2009-03-06,2193.007
2009-03-09,2118.748
2009-03-10,2158.568
2009-03-11,2139.025
2009-03-12,2133.881
2009-03-13,2128.848
2009-03-16,2153.291
2009-03-17,2218.326
2009-03-18,2223.725
2009-03-19,2265.759
2009-03-20,2281.087
2009-03-23,2325.48
2009-03-24,2338.42
2009-03-25,2291.555
2009-03-26,2361.704
2009-03-27,2374.438
2009-03-30,2358.04
2009-03-31,2373.213
2009-04-01,2408.017
2009-04-02,2425.291
2009-04-03,2419.778
2009-04-07,2439.182
2009-04-08,2347.385
2009-04-09,2379.876
2009-04-10,2444.226
2009-04-13,2513.701
2009-04-14,2527.181
2009-04-15,2536.056
2009-04-16,2534.134
2009-04-17,2503.935
2009-04-20,2557.456
2009-04-21,2535.828
2009-04-22,2461.346
2009-04-23,2463.954
2009-04-24,2448.595
2009-04-27,2405.348
2009-04-28,2401.438
2009-04-29,2468.192
2009-04-30,2477.569
2009-05-04,2559.911
2009-05-05,2567.337
2009-05-06,2592.52
2009-05-07,2597.447
2009-05-08,2625.645
2009-05-11,2579.747
2009-05-12,2618.172
2009-05-13,2663.766
2009-05-14,2639.887
2009-05-15,2645.263
2009-05-18,2652.779
2009-05-19,2676.682
2009-05-20,2651.414
2009-05-21,2610.622
2009-05-22,2597.601
2009-05-25,2610.01
2009-05-26,2588.575
2009-05-27,2632.93
2009-06-01,2721.28
2009-06-02,2724.302
2009-06-03,2778.589
2009-06-04,2767.244
2009-06-05,2753.891
2009-06-08,2768.336
2009-06-09,2787.887
2009-06-10,2816.247
2009-06-11,2797.32
2009-06-12,2743.762
2009-06-15,2789.549
2009-06-16,2776.022
2009-06-17,2810.123
2009-06-18,2853.903
2009-06-19,2880.492
2009-06-22,2896.302
2009-06-23,2892.697
2009-06-24,2922.299
2009-06-25,2925.046
2009-06-26,2928.211
2009-06-29,2975.314
2009-06-30,2959.362
2009-07-01,3008.15
2009-07-02,3060.254
2009-07-03,3088.367
2009-07-06,3124.667
2009-07-07,3089.45
2009-07-08,3080.774
2009-07-09,3123.035
2009-07-10,3113.932
2009-07-13,3080.556
2009-07-14,3145.157
2009-07-15,3188.551
2009-07-16,3183.742
2009-07-17,3189.741
2009-07-20,3266.92
2009-07-21,3213.206
2009-07-22,3296.615
2009-07-23,3328.49
2009-07-24,3372.603
2009-07-27,3435.212
2009-07-28,3438.371
2009-07-29,3266.432
2009-07-30,3321.56
2009-07-31,3412.062
2009-08-03,3462.59
2009-08-04,3471.442
2009-08-05,3428.501
2009-08-06,3356.33
2009-08-07,3260.69
2009-08-10,3249.76
2009-08-11,3264.726
2009-08-12,3112.719
2009-08-13,3140.56
2009-08-14,3046.972
2009-08-17,2870.63
2009-08-18,2910.884
2009-08-19,2785.584
2009-08-20,2911.582
2009-08-21,2960.771
2009-08-24,2993.429
2009-08-25,2915.803
2009-08-26,2967.595
2009-08-27,2946.395
2009-08-28,2860.688
2009-08-31,2667.745
2009-09-01,2683.724
2009-09-02,2714.974
2009-09-03,2845.024
2009-09-04,2861.609
2009-09-07,2881.116
2009-09-08,2930.475
2009-09-09,2946.259
2009-09-10,2924.883
2009-09-11,2989.792
2009-09-14,3026.741
2009-09-15,3033.728
2009-09-16,2999.71
2009-09-17,3060.26
2009-09-18,2962.667
2009-09-21,2967.011
2009-09-22,2897.553
2009-09-23,2842.721
2009-09-24,2853.554
2009-09-25,2838.842
2009-09-28,2763.525
2009-09-29,2754.54
2009-09-30,2779.426
2009-10-09,2911.715
2009-10-12,2894.483
2009-10-13,2936.191
2009-10-14,2970.532
2009-10-15,2979.788
2009-10-16,2976.633
2009-10-19,3038.273
2009-10-20,3084.454
2009-10-21,3070.589
2009-10-22,3051.412
2009-10-23,3107.847
2009-10-26,3109.566
2009-10-27,3021.459
2009-10-28,3031.329
2009-10-29,2960.466
2009-10-30,2995.848
2009-11-02,3076.649
2009-11-03,3114.227
2009-11-04,3128.537
2009-11-05,3155.053
2009-11-06,3164.037
2009-11-09,3175.585
2009-11-10,3178.61
2009-11-11,3175.192
2009-11-12,3172.945
2009-11-13,3187.647
2009-11-16,3275.048
2009-11-17,3282.889
2009-11-18,3303.234
2009-11-19,3320.612
2009-11-20,3308.346
2009-11-23,3338.663
2009-11-24,3223.526
2009-11-25,3290.165
2009-11-26,3170.98
2009-11-27,3096.265
2009-11-30,3195.301
2009-12-01,3235.363
2009-12-02,3269.752
2009-12-03,3264.628
2009-12-04,3317.044
2009-12-07,3331.897
2009-12-08,3296.664
2009-12-09,3239.568
2009-12-10,3254.264
2009-12-11,3247.318
2009-12-14,3302.904
2009-12-15,3274.46
2009-12-16,3255.213
2009-12-17,3179.078
2009-12-18,3113.886
2009-12-21,3122.973
2009-12-22,3050.52
2009-12-23,3073.777
2009-12-24,3153.41
2009-12-25,3141.353
2009-12-28,3188.785
2009-12-29,3211.761
2009-12-30,3262.6
2009-12-31,3277.139
2010-01-04,3243.76
2010-01-05,3282.179
2010-01-06,3254.215
2010-01-07,3192.776
2010-01-08,3195.997
2010-01-11,3212.75
2010-01-12,3273.966
2010-01-13,3172.658
2010-01-14,3215.55
2010-01-15,3224.152
2010-01-18,3237.098
2010-01-19,3246.874
2010-01-20,3151.85
2010-01-21,3158.863
2010-01-22,3128.588
2010-01-25,3094.411
2010-01-26,3019.394
2010-01-27,2986.607
2010-01-28,2994.143
2010-01-29,2989.292
2010-02-01,2941.36
2010-02-02,2934.713
2010-02-03,3003.835
2010-02-04,2995.308
2010-02-05,2939.402
2010-02-08,2935.174
2010-02-09,2948.842
2010-02-10,2982.5
2010-02-11,2985.499
2010-02-12,3018.133
2010-02-22,3003.398
2010-02-23,2982.575
2010-02-24,3022.177
2010-02-25,3060.618
2010-02-26,3051.943
2010-03-01,3087.842
2010-03-02,3073.108
2010-03-03,3097.005
2010-03-04,3023.373
2010-03-05,3031.065
2010-03-08,3053.232
2010-03-09,3069.141
2010-03-10,3048.927
2010-03-11,3051.282
2010-03-12,3013.412
2010-03-15,2976.939
2010-03-16,2992.841
2010-03-17,3050.479
2010-03-18,3046.089
2010-03-19,3067.75
2010-03-22,3074.576
2010-03-23,3053.125
2010-03-24,3056.808
2010-03-25,3019.176
2010-03-26,3059.715
2010-03-29,3123.798
2010-03-30,3128.468
2010-03-31,3109.105
2010-04-01,3147.416
2010-04-02,3157.957
2010-04-06,3158.681
2010-04-07,3148.222
2010-04-08,3118.709
2010-04-09,3145.347
2010-04-12,3129.263
2010-04-13,3161.251
2010-04-14,3166.183
2010-04-15,3164.966
2010-04-16,3130.302
2010-04-19,2980.297
2010-04-20,2979.533
2010-04-21,3033.278
2010-04-22,2999.484
2010-04-23,2983.537
2010-04-26,2969.503
2010-04-27,2907.928
2010-04-28,2900.331
2010-04-29,2868.432
2010-04-30,2870.611
2010-05-04,2835.277
2010-05-05,2857.151
2010-05-06,2739.702
2010-05-07,2688.383
2010-05-10,2698.757
2010-05-11,2647.574
2010-05-12,2655.714
2010-05-13,2710.507
2010-05-14,2696.629
2010-05-17,2559.931
2010-05-18,2594.783
2010-05-19,2587.807
2010-05-20,2555.94
2010-05-21,2583.522
2010-05-24,2673.423
2010-05-25,2622.63
2010-05-26,2625.793
2010-05-27,2655.918
2010-05-28,2655.767
2010-05-31,2592.147
2010-06-01,2568.283
2010-06-02,2571.423
2010-06-03,2552.656
2010-06-04,2553.593
2010-06-07,2511.729
2010-06-08,2513.947
2010-06-09,2583.87
2010-06-10,2562.58
2010-06-11,2569.942
2010-06-17,2560.245
2010-06-18,2513.222
2010-06-21,2586.21
2010-06-22,2588.698
2010-06-23,2569.872
2010-06-24,2566.745
2010-06-25,2552.817
2010-06-28,2535.278
2010-06-29,2427.053
2010-06-30,2398.37
2010-07-01,2373.792
2010-07-02,2382.901
2010-07-05,2363.947
2010-07-06,2409.424
2010-07-07,2421.117
2010-07-08,2415.15
2010-07-09,2470.923
2010-07-12,2490.718
2010-07-13,2450.286
2010-07-14,2470.44
2010-07-15,2424.304
2010-07-16,2424.271
2010-07-19,2475.421
2010-07-20,2528.73
2010-07-21,2535.394
2010-07-22,2562.406
2010-07-23,2572.028
2010-07-26,2588.683
2010-07-27,2575.368
2010-07-28,2633.663
2010-07-29,2648.116
2010-07-30,2637.503
2010-08-02,2672.516
2010-08-03,2627.002
2010-08-04,2638.522
2010-08-05,2620.757
2010-08-06,2658.392
2010-08-09,2672.533
2010-08-10,2595.274
2010-08-11,2607.497
2010-08-12,2575.475
2010-08-13,2606.7
2010-08-16,2661.708
2010-08-17,2671.893
2010-08-18,2666.301
2010-08-19,2687.979
2010-08-20,2642.307
2010-08-23,2639.366
2010-08-24,2650.307
2010-08-25,2596.58
2010-08-26,2603.481
2010-08-27,2610.742
2010-08-30,2652.664
2010-08-31,2638.798
2010-09-01,2622.882
2010-09-02,2655.776
2010-09-03,2655.394
2010-09-06,2696.25
2010-09-07,2698.363
2010-09-08,2695.291
2010-09-09,2656.352
2010-09-10,2663.209
2010-09-13,2688.32
2010-09-14,2688.522
2010-09-15,2652.503
2010-09-16,2602.465
2010-09-17,2598.689
2010-09-20,2588.713
2010-09-21,2591.55
2010-09-27,2627.967
2010-09-28,2611.354
2010-09-29,2610.678
2010-09-30,2655.658
2010-10-08,2738.744
2010-10-11,2806.942
2010-10-12,2841.407
2010-10-13,2861.361
2010-10-14,2879.636
2010-10-15,2971.16
2010-10-18,2955.227
2010-10-19,3001.853
2010-10-20,3003.951
2010-10-21,2983.533
2010-10-22,2975.043
2010-10-25,3051.419
2010-10-26,3041.543
2010-10-27,2997.048
2010-10-28,2992.579
2010-10-29,2978.835
2010-11-01,3054.021
2010-11-02,3045.434
2010-11-03,3030.988
2010-11-04,3086.939
2010-11-05,3129.497
2010-11-08,3159.512
2010-11-09,3135
2010-11-10,3115.356
2010-11-11,3147.744
2010-11-12,2985.435
2010-11-15,3014.413
2010-11-16,2894.538
2010-11-17,2838.857
2010-11-18,2865.452
2010-11-19,2888.566
2010-11-22,2884.371
2010-11-23,2828.282
2010-11-24,2859.936
2010-11-25,2898.261
2010-11-26,2871.698
2010-11-29,2866.356
2010-11-30,2820.181
2010-12-01,2823.449
2010-12-02,2843.607
2010-12-03,2842.431
2010-12-06,2857.178
2010-12-07,2875.861
2010-12-08,2848.546
2010-12-09,2810.949
2010-12-10,2841.04
2010-12-13,2922.954
2010-12-14,2927.077
2010-12-15,2911.414
2010-12-16,2898.138
2010-12-17,2893.74
2010-12-20,2852.916
2010-12-21,2904.115
2010-12-22,2877.9
2010-12-23,2855.22
2010-12-24,2835.157
2010-12-27,2781.402
2010-12-28,2732.99
2010-12-29,2751.527
2010-12-30,2759.575
2010-12-31,2808.077
2011-01-04,2852.648
2011-01-05,2838.593
2011-01-06,2824.197
2011-01-07,2838.801
2011-01-10,2791.809
2011-01-11,2804.047
2011-01-12,2821.305
2011-01-13,2827.713
2011-01-14,2791.344
2011-01-17,2706.66
2011-01-18,2708.979
2011-01-19,2758.097
2011-01-20,2677.652
2011-01-21,2715.294
2011-01-24,2695.72
2011-01-25,2677.432
2011-01-26,2708.814
2011-01-27,2749.15
2011-01-28,2752.75
2011-01-31,2790.694
2011-02-01,2798.96
2011-02-09,2774.065
2011-02-10,2818.163
2011-02-11,2827.328
2011-02-14,2899.134
2011-02-15,2899.237
2011-02-16,2923.896
2011-02-17,2926.964
2011-02-18,2899.792
2011-02-21,2932.246
2011-02-22,2855.516
2011-02-23,2862.634
2011-02-24,2878.603
2011-02-25,2878.565
2011-02-28,2905.053
2011-03-01,2918.92
2011-03-02,2913.808
2011-03-03,2902.978
2011-03-04,2942.306
2011-03-07,2996.211
2011-03-08,2999.942
2011-03-09,3002.154
2011-03-10,2957.143
2011-03-11,2933.796
2011-03-14,2937.627
2011-03-15,2896.256
2011-03-16,2930.804
2011-03-17,2897.298
2011-03-18,2906.886
2011-03-21,2909.137
2011-03-22,2919.142
2011-03-23,2948.477
2011-03-24,2946.706
2011-03-25,2977.814
2011-03-28,2984.005
2011-03-29,2958.077
2011-03-30,2955.771
2011-03-31,2928.111
2011-04-01,2967.41
2011-04-06,3001.36
2011-04-07,3007.909
2011-04-08,3030.021
2011-04-11,3022.746
2011-04-12,3021.369
2011-04-13,3050.398
2011-04-14,3042.635
2011-04-15,3050.526
2011-04-18,3057.329
2011-04-19,2999.041
2011-04-20,3007.037
2011-04-21,3026.668
2011-04-22,3010.517
2011-04-25,2964.951
2011-04-26,2938.981
2011-04-27,2925.408
2011-04-28,2887.044
2011-04-29,2911.511
2011-05-03,2932.188
2011-05-04,2866.017
2011-05-05,2872.404
2011-05-06,2863.886
2011-05-09,2872.46
2011-05-10,2890.634
2011-05-11,2883.42
2011-05-12,2844.083
2011-05-13,2871.031
2011-05-16,2849.067
2011-05-17,2852.773
2011-05-18,2872.771
2011-05-19,2859.574
2011-05-20,2858.459
2011-05-23,2774.569
2011-05-24,2767.056
2011-05-25,2741.741
2011-05-26,2736.527
2011-05-27,2709.947
2011-05-30,2706.361
2011-05-31,2743.472
2011-06-01,2743.572
2011-06-02,2705.181
2011-06-03,2728.02
2011-06-07,2744.3
2011-06-08,2750.288
2011-06-09,2703.345
2011-06-10,2705.143
2011-06-13,2700.379
2011-06-14,2730.04
2011-06-15,2705.431
2011-06-16,2664.283
2011-06-17,2642.818
2011-06-20,2621.253
2011-06-21,2646.483
2011-06-22,2649.321
2011-06-23,2688.249
2011-06-24,2746.211
2011-06-27,2758.23
2011-06-28,2759.202
2011-06-29,2728.483
2011-06-30,2762.076
2011-07-01,2759.362
2011-07-04,2812.818
2011-07-05,2816.355
2011-07-06,2810.479
2011-07-07,2794.267
2011-07-08,2797.774
2011-07-11,2802.692
2011-07-12,2754.582
2011-07-13,2795.476
2011-07-14,2810.444
2011-07-15,2820.169
2011-07-18,2816.688
2011-07-19,2796.983
2011-07-20,2794.205
2011-07-21,2765.894
2011-07-22,2770.79
2011-07-25,2688.746
2011-07-26,2703.026
2011-07-27,2723.492
2011-07-28,2708.777
2011-07-29,2701.729
2011-08-01,2703.783
2011-08-02,2679.259
2011-08-03,2678.485
2011-08-04,2684.039
2011-08-05,2626.423
2011-08-08,2526.816
2011-08-09,2526.07
2011-08-10,2549.176
2011-08-11,2581.508
2011-08-12,2593.173
2011-08-15,2626.77
2011-08-16,2608.166
2011-08-17,2601.261
2011-08-18,2559.472
2011-08-19,2534.358
2011-08-22,2515.863
2011-08-23,2554.019
2011-08-24,2541.091
2011-08-25,2615.261
2011-08-26,2612.188
2011-08-29,2576.413
2011-08-30,2566.595
2011-08-31,2567.34
2011-09-01,2556.042
2011-09-02,2528.28
2011-09-05,2478.739
2011-09-06,2470.524
2011-09-07,2516.09
2011-09-08,2498.943
2011-09-09,2497.753
2011-09-13,2471.305
2011-09-14,2484.827
2011-09-15,2479.055
2011-09-16,2482.343
2011-09-19,2437.795
2011-09-20,2447.755
2011-09-21,2512.963
2011-09-22,2443.057
2011-09-23,2433.159
2011-09-26,2393.183
2011-09-27,2415.054
2011-09-28,2392.062
2011-09-29,2365.343
2011-09-30,2359.22
2011-10-10,2344.787
2011-10-11,2348.516
2011-10-12,2420
2011-10-13,2438.79
2011-10-14,2431.375
2011-10-17,2440.402
2011-10-18,2383.485
2011-10-19,2377.512
2011-10-20,2331.366
2011-10-21,2317.275
2011-10-24,2370.333
2011-10-25,2409.672
2011-10-26,2427.48
2011-10-27,2435.614
2011-10-28,2473.41
2011-10-31,2468.25
2011-11-01,2470.019
2011-11-02,2504.108
2011-11-03,2508.09
2011-11-04,2528.294
2011-11-07,2509.799
2011-11-08,2503.836
2011-11-09,2524.919
2011-11-10,2479.536
2011-11-11,2481.084
2011-11-14,2528.714
2011-11-15,2529.761
2011-11-16,2466.959
2011-11-17,2463.046
2011-11-18,2416.562
2011-11-21,2415.13
2011-11-22,2412.625
2011-11-23,2395.065
2011-11-24,2397.554
2011-11-25,2380.224
2011-11-28,2383.034
2011-11-29,2412.393
2011-11-30,2333.414
2011-12-01,2386.86
2011-12-02,2360.664
2011-12-05,2333.229
2011-12-06,2325.905
2011-12-07,2332.73
2011-12-08,2329.82
2011-12-09,2315.27
2011-12-12,2291.545
2011-12-13,2248.59
2011-12-14,2228.525
2011-12-15,2180.895
2011-12-16,2224.84
2011-12-19,2218.235
2011-12-20,2215.93
2011-12-21,2191.148
2011-12-22,2186.297
2011-12-23,2204.784
2011-12-26,2190.11
2011-12-27,2166.205
2011-12-28,2170.013
2011-12-29,2173.561
2011-12-30,2199.417
2012-01-04,2169.39
2012-01-05,2148.452
2012-01-06,2163.395
2012-01-09,2225.89
2012-01-10,2285.744
2012-01-11,2276.046
2012-01-12,2275.01
2012-01-13,2244.58
2012-01-16,2206.193
2012-01-17,2298.376
2012-01-18,2266.384
2012-01-19,2296.075
2012-01-20,2319.118
2012-01-30,2285.038
2012-01-31,2292.61
2012-02-01,2268.08
2012-02-02,2312.556
2012-02-03,2330.405
2012-02-06,2331.136
2012-02-07,2291.902
2012-02-08,2347.53
2012-02-09,2349.589
2012-02-10,2351.981
2012-02-13,2351.855
2012-02-14,2344.771
2012-02-15,2366.702
2012-02-16,2356.86
2012-02-17,2357.181
2012-02-20,2363.597
2012-02-21,2381.43
2012-02-22,2403.587
2012-02-23,2409.554
2012-02-24,2439.628
2012-02-27,2447.057
2012-02-28,2451.857
2012-02-29,2428.487
2012-03-01,2426.115
2012-03-02,2460.693
2012-03-05,2445.002
2012-03-06,2410.445
2012-03-07,2394.794
2012-03-08,2420.276
2012-03-09,2439.462
2012-03-12,2434.859
2012-03-13,2455.795
2012-03-14,2391.23
2012-03-15,2373.774
2012-03-16,2404.736
2012-03-19,2410.184
2012-03-20,2376.839
2012-03-21,2378.195
2012-03-22,2375.772
2012-03-23,2349.539
2012-03-26,2350.599
2012-03-27,2347.179
2012-03-28,2284.881
2012-03-29,2252.16
2012-03-30,2262.788
2012-04-05,2302.241
2012-04-06,2306.553
2012-04-09,2285.777
2012-04-10,2305.863
2012-04-11,2308.925
2012-04-12,2350.864
2012-04-13,2359.161
2012-04-16,2357.026
2012-04-17,2334.985
2012-04-18,2380.848
2012-04-19,2378.634
2012-04-20,2406.863
2012-04-23,2388.588
2012-04-24,2388.834
2012-04-25,2406.813
2012-04-26,2404.697
2012-04-27,2396.316
2012-05-02,2438.436
2012-05-03,2440.08
2012-05-04,2452.014
2012-05-07,2451.947
2012-05-08,2448.884
2012-05-09,2408.587
2012-05-10,2410.23
2012-05-11,2394.983
2012-05-14,2380.725
2012-05-15,2374.843
2012-05-16,2346.192
2012-05-17,2378.886
2012-05-18,2344.52
2012-05-21,2348.3
2012-05-22,2373.307
2012-05-23,2363.437
2012-05-24,2350.973
2012-05-25,2333.553
2012-05-28,2361.367
2012-05-29,2389.636
2012-05-30,2384.668
2012-05-31,2372.234
2012-06-01,2373.436
2012-06-04,2308.55
2012-06-05,2311.916
2012-06-06,2309.555
2012-06-07,2293.13
2012-06-08,2281.447
2012-06-11,2305.856
2012-06-12,2289.791
2012-06-13,2318.924
2012-06-14,2295.946
2012-06-15,2306.85
2012-06-18,2316.052
2012-06-19,2300.795
2012-06-20,2292.877
2012-06-21,2260.877
2012-06-25,2224.114
2012-06-26,2222.067
2012-06-27,2216.934
2012-06-28,2195.843
2012-06-29,2225.431
2012-07-02,2226.11
2012-07-03,2229.193
2012-07-04,2227.315
2012-07-05,2201.353
2012-07-06,2223.579
2012-07-09,2170.814
2012-07-10,2164.437
2012-07-11,2175.383
2012-07-12,2185.491
2012-07-13,2185.895
2012-07-16,2147.955
2012-07-17,2161.186
2012-07-18,2169.099
2012-07-19,2184.841
2012-07-20,2168.638
2012-07-23,2141.402
2012-07-24,2146.589
2012-07-25,2136.151
2012-07-26,2126.004
2012-07-27,2128.765
2012-07-30,2109.914
2012-07-31,2103.634
2012-08-01,2123.36
2012-08-02,2111.182
2012-08-03,2132.796
2012-08-06,2154.916
2012-08-07,2157.62
2012-08-08,2160.99
2012-08-09,2174.102
2012-08-10,2168.814
2012-08-13,2136.078
2012-08-14,2142.525
2012-08-15,2118.945
2012-08-16,2112.197
2012-08-17,2114.891
2012-08-20,2106.957
2012-08-21,2118.268
2012-08-22,2107.711
2012-08-23,2113.072
2012-08-24,2092.104
2012-08-27,2055.708
2012-08-28,2073.154
2012-08-29,2053.235
2012-08-30,2052.585
2012-08-31,2047.522
2012-09-03,2059.147
2012-09-04,2043.649
2012-09-05,2037.681
2012-09-06,2051.918
2012-09-07,2127.762
2012-09-10,2134.893
2012-09-11,2120.554
2012-09-12,2126.554
2012-09-13,2110.379
2012-09-14,2123.847
2012-09-17,2078.5
2012-09-18,2059.543
2012-09-19,2067.831
2012-09-20,2024.837
2012-09-21,2026.69
2012-09-24,2033.192
2012-09-25,2029.293
2012-09-26,2004.172
2012-09-27,2056.323
2012-09-28,2086.169
2012-10-08,2074.419
2012-10-09,2115.23
2012-10-10,2119.942
2012-10-11,2102.868
2012-10-12,2104.932
2012-10-15,2098.703
2012-10-16,2098.808
2012-10-17,2105.618
2012-10-18,2131.688
2012-10-19,2128.302
2012-10-22,2132.758
2012-10-23,2114.447
2012-10-24,2115.99
2012-10-25,2101.58
2012-10-26,2066.209
2012-10-29,2058.943
2012-10-30,2062.347
2012-10-31,2068.88
2012-11-01,2104.428
2012-11-02,2117.046
2012-11-05,2114.027
2012-11-06,2105.999
2012-11-07,2105.73
2012-11-08,2071.509
2012-11-09,2069.067
2012-11-12,2079.274
2012-11-13,2047.889
2012-11-14,2055.419
2012-11-15,2030.29
2012-11-16,2014.725
2012-11-19,2016.982
2012-11-20,2008.923
2012-11-21,2030.319
2012-11-22,2015.611
2012-11-23,2027.384
2012-11-26,2017.464
2012-11-27,1991.165
2012-11-28,1973.523
2012-11-29,1963.488
2012-11-30,1980.117
2012-12-03,1959.767
2012-12-04,1975.143
2012-12-05,2031.907
2012-12-06,2029.237
2012-12-07,2061.786
2012-12-10,2083.77
2012-12-11,2074.704
2012-12-12,2082.726
2012-12-13,2061.476
2012-12-14,2150.625
2012-12-17,2160.342
2012-12-18,2162.464
2012-12-19,2162.239
2012-12-20,2168.353
2012-12-21,2153.31
2012-12-24,2159.053
2012-12-25,2213.611
2012-12-26,2219.132
2012-12-27,2205.897
2012-12-28,2233.252
2012-12-31,2269.128
2013-01-04,2276.992
2013-01-07,2285.364
2013-01-08,2276.07
2013-01-09,2275.34
2013-01-10,2283.658
2013-01-11,2242.997
2013-01-14,2311.74
2013-01-15,2325.682
2013-01-16,2309.499
2013-01-17,2284.909
2013-01-18,2317.07
2013-01-21,2328.221
2013-01-22,2315.139
2013-01-23,2320.911
2013-01-24,2302.598
2013-01-25,2291.304
2013-01-28,2346.505
2013-01-29,2358.977
2013-01-30,2382.475
2013-01-31,2385.422
2013-02-01,2419.02
2013-02-04,2428.154
2013-02-05,2433.13
2013-02-06,2434.477
2013-02-07,2418.53
2013-02-08,2432.402
2013-02-18,2421.558
2013-02-19,2382.914
2013-02-20,2397.178
2013-02-21,2325.951
2013-02-22,2314.164
2013-02-25,2325.819
2013-02-26,2293.341
2013-02-27,2313.22
2013-02-28,2365.593
2013-03-01,2359.506
2013-03-04,2273.404
2013-03-05,2326.306
2013-03-06,2347.179
2013-03-07,2324.293
2013-03-08,2318.611
2013-03-11,2310.593
2013-03-12,2286.605
2013-03-13,2263.968
2013-03-14,2270.277
2013-03-15,2278.401
2013-03-18,2240.016
2013-03-19,2257.434
2013-03-20,2317.374
2013-03-21,2324.242
2013-03-22,2328.278
2013-03-25,2326.715
2013-03-26,2297.669
2013-03-27,2301.259
2013-03-28,2236.302
2013-03-29,2236.621
2013-04-01,2234.395
2013-04-02,2227.74
2013-04-03,2225.295
2013-04-08,2211.592
2013-04-09,2225.775
2013-04-10,2226.126
2013-04-11,2219.553
2013-04-12,2206.78
2013-04-15,2181.942
2013-04-16,2194.846
2013-04-17,2193.796
2013-04-18,2197.602
2013-04-19,2244.643
2013-04-22,2242.169
2013-04-23,2184.538
2013-04-24,2218.318
2013-04-25,2199.307
2013-04-26,2177.912
2013-05-02,2174.123
2013-05-03,2205.497
2013-05-06,2231.166
2013-05-07,2235.575
2013-05-08,2246.3
2013-05-09,2232.971
2013-05-10,2246.831
2013-05-13,2241.92
2013-05-14,2217.01
2013-05-15,2224.797
2013-05-16,2251.806
2013-05-17,2282.87
2013-05-20,2299.986
2013-05-21,2305.114
2013-05-22,2302.403
2013-05-23,2275.667
2013-05-24,2288.533
2013-05-27,2293.077
2013-05-28,2321.318
2013-05-29,2324.017
2013-05-30,2317.749
2013-05-31,2300.595
2013-06-03,2299.252
2013-06-04,2272.416
2013-06-05,2270.931
2013-06-06,2242.11
2013-06-07,2210.898
2013-06-13,2148.355
2013-06-14,2162.041
2013-06-17,2156.215
2013-06-18,2159.291
2013-06-19,2143.454
2013-06-20,2084.021
2013-06-21,2073.095
2013-06-24,1963.235
2013-06-25,1959.508
2013-06-26,1951.495
2013-06-27,1950.013
2013-06-28,1979.206
2013-07-01,1995.242
2013-07-02,2006.56
2013-07-03,1994.268
2013-07-04,2006.098
2013-07-05,2007.199
2013-07-08,1958.273
2013-07-09,1965.454
2013-07-10,2008.126
2013-07-11,2072.991
2013-07-12,2039.486
2013-07-15,2059.39
2013-07-16,2065.72
2013-07-17,2044.922
2013-07-18,2023.396
2013-07-19,1992.648
2013-07-22,2004.762
2013-07-23,2043.876
2013-07-24,2033.329
2013-07-25,2021.174
2013-07-26,2010.85
2013-07-29,1976.306
2013-07-30,1990.064
2013-07-31,1993.799
2013-08-01,2029.067
2013-08-02,2029.418
2013-08-05,2050.481
2013-08-06,2060.5
2013-08-07,2046.778
2013-08-08,2044.895
2013-08-09,2052.235
2013-08-12,2101.283
2013-08-13,2106.156
2013-08-14,2100.137
2013-08-15,2081.88
2013-08-16,2068.452
2013-08-19,2085.602
2013-08-20,2072.595
2013-08-21,2072.961
2013-08-22,2067.124
2013-08-23,2057.458
2013-08-26,2096.474
2013-08-27,2103.567
2013-08-28,2101.301
2013-08-29,2097.227
2013-08-30,2098.382
2013-09-02,2098.448
2013-09-03,2123.112
2013-09-04,2127.618
2013-09-05,2122.43
2013-09-06,2139.993
2013-09-09,2212.516
2013-09-10,2237.984
2013-09-11,2241.268
2013-09-12,2255.605
2013-09-13,2236.217
2013-09-16,2231.401
2013-09-17,2185.56
2013-09-18,2191.851
2013-09-23,2221.044
2013-09-24,2207.531
2013-09-25,2198.515
2013-09-26,2155.809
2013-09-27,2160.027
2013-09-30,2174.665
2013-10-08,2198.199
2013-10-09,2211.769
2013-10-10,2190.929
2013-10-11,2228.146
2013-10-14,2237.773
2013-10-15,2233.412
2013-10-16,2193.074
2013-10-17,2188.542
2013-10-18,2193.78
2013-10-21,2229.237
2013-10-22,2210.652
2013-10-23,2183.107
2013-10-24,2164.322
2013-10-25,2132.955
2013-10-28,2133.869
2013-10-29,2128.864
2013-10-30,2160.463
2013-10-31,2141.614
2013-11-01,2149.562
2013-11-04,2149.634
2013-11-05,2157.24
2013-11-06,2139.607
2013-11-07,2129.4
2013-11-08,2106.127
2013-11-11,2109.471
2013-11-12,2126.772
2013-11-13,2087.941
2013-11-14,2100.506
2013-11-15,2135.827
2013-11-18,2197.219
2013-11-19,2193.125
2013-11-20,2206.613
2013-11-21,2205.766
2013-11-22,2196.378
2013-11-25,2186.115
2013-11-26,2183.073
2013-11-27,2201.07
2013-11-28,2219.372
2013-11-29,2220.504
2013-12-02,2207.371
2013-12-03,2222.67
2013-12-04,2251.762
2013-12-05,2247.063
2013-12-06,2237.108
2013-12-09,2238.2
2013-12-10,2237.492
2013-12-11,2204.166
2013-12-12,2202.796
2013-12-13,2196.075
2013-12-16,2160.861
2013-12-17,2151.079
2013-12-18,2148.285
2013-12-19,2127.792
2013-12-20,2084.794
2013-12-23,2089.707
2013-12-24,2092.905
2013-12-25,2106.354
2013-12-26,2073.099
2013-12-27,2101.251
2013-12-30,2097.529
2013-12-31,2115.978
2014-01-02,2109.387
2014-01-03,2083.136
2014-01-06,2045.709
2014-01-07,2047.317
2014-01-08,2044.34
2014-01-09,2027.622
2014-01-10,2013.298
2014-01-13,2009.564
2014-01-14,2026.842
2014-01-15,2023.348
2014-01-16,2023.701
2014-01-17,2004.949
2014-01-20,1991.253
2014-01-21,2008.313
2014-01-22,2051.749
2014-01-23,2042.18
2014-01-24,2054.392
2014-01-27,2033.3
2014-01-28,2038.513
2014-01-29,2049.914
2014-01-30,2033.083
2014-02-07,2044.497
2014-02-10,2086.067
2014-02-11,2103.671
2014-02-12,2109.955
2014-02-13,2098.401
2014-02-14,2115.848
2014-02-17,2135.415
2014-02-18,2119.066
2014-02-19,2142.554
2014-02-20,2138.782
2014-02-21,2113.693
2014-02-24,2076.686
2014-02-25,2034.219
2014-02-26,2041.254
2014-02-27,2047.354
2014-02-28,2056.302
2014-03-03,2075.235
2014-03-04,2071.473
2014-03-05,2053.084
2014-03-06,2059.578
2014-03-07,2057.908
2014-03-10,1999.065
2014-03-11,2001.157
2014-03-12,1997.692
2014-03-13,2019.111
2014-03-14,2004.339
2014-03-17,2023.673
2014-03-18,2025.196
2014-03-19,2021.734
2014-03-20,1993.479
2014-03-21,2047.619
2014-03-24,2066.279
2014-03-25,2067.311
2014-03-26,2063.67
2014-03-27,2046.588
2014-03-28,2041.712
2014-03-31,2033.306
2014-04-01,2047.46
2014-04-02,2058.988
2014-04-03,2043.702
2014-04-04,2058.831
2014-04-08,2098.284
2014-04-09,2105.237
2014-04-10,2134.3
2014-04-11,2130.542
2014-04-14,2131.539
2014-04-15,2101.601
2014-04-16,2105.122
2014-04-17,2098.885
2014-04-18,2097.748
2014-04-21,2065.826
2014-04-22,2072.831
2014-04-23,2067.382
2014-04-24,2057.033
2014-04-25,2036.519
2014-04-28,2003.487
2014-04-29,2020.341
2014-04-30,2026.358
2014-05-05,2027.353
2014-05-06,2028.038
2014-05-07,2010.083
2014-05-08,2015.274
2014-05-09,2011.135
2014-05-12,2052.871
2014-05-13,2050.728
2014-05-14,2047.91
2014-05-15,2024.974
2014-05-16,2026.504
2014-05-19,2005.183
2014-05-20,2008.119
2014-05-21,2024.951
2014-05-22,2021.285
2014-05-23,2034.569
2014-05-26,2041.476
2014-05-27,2034.565
2014-05-28,2050.228
2014-05-29,2040.595
2014-05-30,2039.212
2014-06-03,2038.305
2014-06-04,2024.834
2014-06-05,2040.878
2014-06-06,2029.956
2014-06-09,2030.502
2014-06-10,2052.532
2014-06-11,2054.948
2014-06-12,2051.713
2014-06-13,2070.715
2014-06-16,2085.983
2014-06-17,2066.698
2014-06-18,2055.519
2014-06-19,2023.735
2014-06-20,2026.674
2014-06-23,2024.365
2014-06-24,2033.931
2014-06-25,2025.502
2014-06-26,2038.677
2014-06-27,2036.51
2014-06-30,2048.327
2014-07-01,2050.381
2014-07-02,2059.418
2014-07-03,2063.229
2014-07-04,2059.375
2014-07-07,2059.927
2014-07-08,2064.021
2014-07-09,2038.612
2014-07-10,2038.342
2014-07-11,2046.961
2014-07-14,2066.646
2014-07-15,2070.357
2014-07-16,2067.276
2014-07-17,2055.591
2014-07-18,2059.067
2014-07-21,2054.479
2014-07-22,2075.481
2014-07-23,2078.489
2014-07-24,2105.062
2014-07-25,2126.614
2014-07-28,2177.948
2014-07-29,2183.192
2014-07-30,2181.243
2014-07-31,2201.562
2014-08-01,2185.303
2014-08-04,2223.331
2014-08-05,2219.945
2014-08-06,2217.465
2014-08-07,2187.669
2014-08-08,2194.425
2014-08-11,2224.654
2014-08-12,2221.595
2014-08-13,2222.877
2014-08-14,2206.466
2014-08-15,2226.734
2014-08-18,2239.466
2014-08-19,2245.33
2014-08-20,2240.211
2014-08-21,2230.458
2014-08-22,2240.812
2014-08-25,2229.274
2014-08-26,2207.106
2014-08-27,2209.465
2014-08-28,2195.818
2014-08-29,2217.2
2014-09-01,2235.511
2014-09-02,2266.046
2014-09-03,2288.627
2014-09-04,2306.862
2014-09-05,2326.432
2014-09-09,2326.527
2014-09-10,2318.305
2014-09-11,2311.679
2014-09-12,2331.95
2014-09-15,2339.14
2014-09-16,2296.555
2014-09-17,2307.893
2014-09-18,2315.928
2014-09-19,2329.451
2014-09-22,2289.866
2014-09-23,2309.718
2014-09-24,2343.575
2014-09-25,2345.103
2014-09-26,2347.718
2014-09-29,2357.711
2014-09-30,2363.87
2014-10-08,2382.794
2014-10-09,2389.371
2014-10-10,2374.54
2014-10-13,2366.009
2014-10-14,2359.475
2014-10-15,2373.67
2014-10-16,2356.499
2014-10-17,2341.184
2014-10-20,2356.728
2014-10-21,2339.657
2014-10-22,2326.553
2014-10-23,2302.418
2014-10-24,2302.28
2014-10-27,2290.437
2014-10-28,2337.871
2014-10-29,2373.03
2014-10-30,2391.076
2014-10-31,2420.178
2014-11-03,2430.032
2014-11-04,2430.677
2014-11-05,2419.254
2014-11-06,2425.864
2014-11-07,2418.171
2014-11-10,2473.673
2014-11-11,2469.673
2014-11-12,2494.476
2014-11-13,2485.606
2014-11-14,2478.824
2014-11-17,2474.009
2014-11-18,2456.366
2014-11-19,2450.986
2014-11-20,2452.66
2014-11-21,2486.791
2014-11-24,2532.879
2014-11-25,2567.597
2014-11-26,2604.345
2014-11-27,2630.486
2014-11-28,2682.835
2014-12-01,2680.155
2014-12-02,2763.545
2014-12-03,2779.525
2014-12-04,2899.456
2014-12-05,2937.647
2014-12-08,3020.258
2014-12-09,2856.269
2014-12-10,2940.006
2014-12-11,2925.743
2014-12-12,2938.173
2014-12-15,2953.421
2014-12-16,3021.518
2014-12-17,3061.02
2014-12-18,3057.521
2014-12-19,3108.596
2014-12-22,3127.445
2014-12-23,3032.612
2014-12-24,2972.532
2014-12-25,3072.536
2014-12-26,3157.603
2014-12-29,3168.016
2014-12-30,3165.815
2014-12-31,3234.677
2015-01-05,3350.519
2015-01-06,3351.446
2015-01-07,3373.954
2015-01-08,3293.456
2015-01-09,3285.412
2015-01-12,3229.316
2015-01-13,3235.301
2015-01-14,3222.437
2015-01-15,3336.455
2015-01-16,3376.495
2015-01-19,3116.351
2015-01-20,3173.052
2015-01-21,3323.611
2015-01-22,3343.344
2015-01-23,3351.764
2015-01-26,3383.182
2015-01-27,3352.96
2015-01-28,3305.738
2015-01-29,3262.305
2015-01-30,3210.363
2015-02-02,3128.3
2015-02-03,3204.907
2015-02-04,3174.126
2015-02-05,3136.531
2015-02-06,3075.907
2015-02-09,3095.124
2015-02-10,3141.593
2015-02-11,3157.704
2015-02-12,3173.416
2015-02-13,3203.827
2015-02-16,3222.363
2015-02-17,3246.906
2015-02-25,3228.843
2015-02-26,3298.359
2015-02-27,3310.303
2015-03-02,3336.285
2015-03-03,3263.052
2015-03-04,3279.533
2015-03-05,3248.476
2015-03-06,3241.187
2015-03-09,3302.408
2015-03-10,3286.068
2015-03-11,3290.9
2015-03-12,3349.323
2015-03-13,3372.911
2015-03-16,3449.305
2015-03-17,3502.847
2015-03-18,3577.301
2015-03-19,3582.271
2015-03-20,3617.318
2015-03-23,3687.728
2015-03-24,3691.41
2015-03-25,3660.727
2015-03-26,3682.095
2015-03-27,3691.096
2015-03-30,3786.568
2015-03-31,3747.899
2015-04-01,3810.294
2015-04-02,3825.784
2015-04-03,3863.929
2015-04-07,3961.378
2015-04-08,3994.811
2015-04-09,3957.534
2015-04-10,4034.31
2015-04-13,4121.715
2015-04-14,4135.565
2015-04-15,4084.163
2015-04-16,4194.823
2015-04-17,4287.296
2015-04-20,4217.077
2015-04-21,4293.623
2015-04-22,4398.494
2015-04-23,4414.508
2015-04-24,4393.686
2015-04-27,4527.396
2015-04-28,4476.215
2015-04-29,4476.62
2015-04-30,4441.655
2015-05-04,4480.464
2015-05-05,4298.706
2015-05-06,4229.266
2015-05-07,4112.214
2015-05-08,4205.917
2015-05-11,4333.584
2015-05-12,4401.219
2015-05-13,4375.76
2015-05-14,4378.311
2015-05-15,4308.691
2015-05-18,4283.491
2015-05-19,4417.552
2015-05-20,4446.288
2015-05-21,4529.422
2015-05-22,4657.596
2015-05-25,4813.798
2015-05-26,4910.897
2015-05-27,4941.714
2015-05-28,4620.266
2015-05-29,4611.744
2015-06-01,4828.738
2015-06-02,4910.527
2015-06-03,4909.978
2015-06-04,4947.102
2015-06-05,5023.096
2015-06-08,5131.881
2015-06-09,5113.534
2015-06-10,5106.0359
2015-06-11,5121.5925
2015-06-12,5166.35
2015-06-15,5062.9929
2015-06-16,4887.432
2015-06-17,4967.8983
2015-06-18,4785.356
2015-06-19,4478.3643
2015-06-23,4576.4922
2015-06-24,4690.1497
2015-06-25,4527.7789
2015-06-26,4192.8734
2015-06-29,4053.0304
2015-06-30,4277.2219
2015-07-01,4053.6997
2015-07-02,3912.7668
2015-07-03,3686.9153
2015-07-06,3775.9122
2015-07-07,3727.1248
2015-07-08,3507.1923
2015-07-09,3709.3304
2015-07-10,3877.8034
2015-07-13,3970.3878
2015-07-14,3924.4871
2015-07-15,3805.7033
2015-07-16,3823.1755
2015-07-17,3957.3516
2015-07-20,3992.1096
2015-07-21,4017.6748
2015-07-22,4026.045
2015-07-23,4123.9234
2015-07-24,4070.908
2015-07-27,3725.5582
2015-07-28,3663.0024
2015-07-29,3789.168
2015-07-30,3705.7656
2015-07-31,3663.7256
2015-08-03,3622.9051
2015-08-04,3756.5449
2015-08-05,3694.5733
2015-08-06,3661.5392
2015-08-07,3744.2045
2015-08-10,3928.4154
2015-08-11,3927.9083
2015-08-12,3886.3198
2015-08-13,3954.5561
2015-08-14,3965.3349
2015-08-17,3993.6677
2015-08-18,3748.1639
2015-08-19,3794.1094
2015-08-20,3664.2907
2015-08-21,3507.744
2015-08-24,3209.905
2015-08-25,2964.9674
2015-08-26,2927.288
2015-08-27,3083.5912
2015-08-28,3232.3495
2015-08-31,3205.9855
2015-09-01,3166.6239
2015-09-02,3160.167
2015-09-07,3080.4201
2015-09-08,3170.4522
2015-09-09,3243.0889
2015-09-10,3197.8932
2015-09-11,3200.2337
2015-09-14,3114.798
2015-09-15,3005.1722
2015-09-16,3152.2632
2015-09-17,3086.0611
2015-09-18,3097.9172
2015-09-21,3156.5399
2015-09-22,3185.6187
2015-09-23,3115.8881
2015-09-24,3142.6869
2015-09-25,3092.347
2015-09-28,3100.7559
2015-09-29,3038.1368
2015-09-30,3052.7814
2015-10-08,3143.3573
2015-10-09,3183.1516
2015-10-12,3287.6624
2015-10-13,3293.2301
2015-10-14,3262.4414
2015-10-15,3338.073
2015-10-16,3391.3516
2015-10-19,3386.7003
2015-10-20,3425.3303
2015-10-21,3320.6761
2015-10-22,3368.7388
2015-10-23,3412.4338
2015-10-26,3429.5809
2015-10-27,3434.336
2015-10-28,3375.1961
2015-10-29,3387.3154
2015-10-30,3382.5612
2015-11-02,3325.0846
2015-11-03,3316.6954
2015-11-04,3459.6396
2015-11-05,3522.8185
2015-11-06,3590.0324
2015-11-09,3646.8811
2015-11-10,3640.4853
2015-11-11,3650.2494
2015-11-12,3632.9016
2015-11-13,3580.8388
2015-11-16,3606.9574
2015-11-17,3604.7951
2015-11-18,3568.4676
2015-11-19,3617.062
2015-11-20,3630.4995
2015-11-23,3610.3195
2015-11-24,3616.1125
2015-11-25,3647.93
2015-11-26,3635.5521
2015-11-27,3436.303
2015-11-30,3445.4048
2015-12-01,3456.3085
2015-12-02,3536.9051
2015-12-03,3584.8237
2015-12-04,3524.992
2015-12-07,3536.9272
2015-12-08,3470.0698
2015-12-09,3472.4394
2015-12-10,3455.4951
2015-12-11,3434.5813
2015-12-14,3520.6682
2015-12-15,3510.354
2015-12-16,3516.1867
2015-12-17,3579.999
2015-12-18,3578.964
2015-12-21,3642.472
2015-12-22,3651.767
2015-12-23,3636.089
2015-12-24,3612.485
2015-12-25,3627.914
2015-12-28,3533.779
2015-12-29,3563.736
2015-12-30,3572.876
2015-12-31,3539.182
2016-01-04,3296.258
2016-01-05,3287.711
2016-01-06,3361.84
2016-01-07,3125.002
2016-01-08,3186.412
2016-01-11,3016.704
2016-01-12,3022.861
2016-01-13,2949.597
2016-01-14,3007.649
2016-01-15,2900.9698
2016-01-18,2913.8367
2016-01-19,3007.7393
2016-01-20,2976.694
2016-01-21,2880.482
2016-01-22,2916.562
2016-01-25,2938.515
2016-01-26,2749.785
2016-01-27,2735.558
2016-01-28,2655.661
2016-01-29,2737.6
2016-02-01,2688.854
2016-02-02,2749.57
2016-02-03,2739.247
2016-02-04,2781.023
2016-02-05,2763.492
2016-02-15,2746.196
2016-02-16,2836.571
2016-02-17,2867.338
2016-02-18,2862.893
2016-02-19,2860.021
2016-02-22,2927.175
2016-02-23,2903.331
2016-02-24,2928.896
2016-02-25,2741.245
2016-02-26,2767.21
2016-02-29,2687.979
2016-03-01,2733.17
2016-03-02,2849.681
2016-03-03,2859.758
2016-03-04,2874.147
2016-03-07,2897.34
2016-03-08,2901.387
2016-03-09,2862.556
2016-03-10,2804.726
2016-03-11,2810.307
2016-03-14,2859.499
2016-03-15,2864.368
2016-03-16,2870.43
2016-03-17,2904.832
2016-03-18,2955.15
2016-03-21,3018.802
2016-03-22,2999.363
2016-03-23,3009.96
2016-03-24,2960.97
2016-03-25,2979.434
2016-03-28,2957.82
2016-03-29,2919.832
2016-03-30,3000.645
2016-03-31,3003.915
2016-04-01,3009.53
2016-04-05,3053.065
2016-04-06,3050.592
2016-04-07,3008.42
2016-04-08,2984.958
2016-04-11,3033.957
2016-04-12,3023.646
2016-04-13,3066.638
2016-04-14,3082.362
2016-04-15,3078.117
2016-04-18,3033.66
2016-04-19,3042.823
2016-04-20,2972.584
2016-04-21,2952.891
2016-04-22,2959.24
2016-04-25,2946.67
2016-04-26,2964.7
2016-04-27,2953.671
2016-04-28,2945.589
2016-04-29,2938.324
2016-05-03,2992.643
2016-05-04,2991.272
2016-05-05,2997.842
2016-05-06,2913.248
2016-05-09,2832.113
2016-05-10,2832.591
2016-05-11,2837.037
2016-05-12,2835.862
2016-05-13,2827.109
2016-05-16,2850.862
2016-05-17,2843.684
2016-05-18,2807.514
2016-05-19,2806.906
2016-05-20,2825.483
2016-05-23,2843.645
2016-05-24,2821.666
2016-05-25,2815.0863
2016-05-26,2822.443
2016-05-27,2821.046
2016-05-30,2822.451
2016-05-31,2916.616
2016-06-01,2913.508
2016-06-02,2925.229
2016-06-03,2938.682
2016-06-06,2934.098
2016-06-07,2936.045
2016-06-08,2927.159
2016-06-13,2833.071
2016-06-14,2842.189
2016-06-15,2887.21
2016-06-16,2872.817
2016-06-17,2885.105
2016-06-20,2888.809
2016-06-21,2878.558
2016-06-22,2905.55
2016-06-23,2891.96
2016-06-24,2854.286
2016-06-27,2895.703
2016-06-28,2912.557
2016-06-29,2931.592
2016-06-30,2929.606
2016-07-01,2932.476
2016-07-04,2988.604
2016-07-05,3006.392
2016-07-06,3017.292
2016-07-07,3016.847
2016-07-08,2988.094
2016-07-11,2994.917
2016-07-12,3049.381
2016-07-13,3060.689
2016-07-14,3054.018
2016-07-15,3054.296
2016-07-18,3043.564
2016-07-19,3036.598
2016-07-20,3027.9
2016-07-21,3039.009
2016-07-22,3012.816
2016-07-25,3015.828
2016-07-26,3050.166
2016-07-27,2991.999
2016-07-28,2994.323
2016-07-29,2979.339
2016-08-01,2953.385
2016-08-02,2971.279
2016-08-03,2978.461
2016-08-04,2982.426
2016-08-05,2976.696
2016-08-08,3004.277
2016-08-09,3025.681
2016-08-10,3018.746
2016-08-11,3002.638
2016-08-12,3050.667
2016-08-15,3125.195
2016-08-16,3110.037
2016-08-17,3109.555
2016-08-18,3104.114
2016-08-19,3108.102
2016-08-22,3084.805
2016-08-23,3089.706
2016-08-24,3085.88
2016-08-25,3068.329
2016-08-26,3070.309
2016-08-29,3070.027
2016-08-30,3074.677
2016-08-31,3085.491
2016-09-01,3063.305
2016-09-02,3067.352
2016-09-05,3072.095
2016-09-06,3090.713
2016-09-07,3091.928
2016-09-08,3095.954
2016-09-09,3078.855
2016-09-12,3021.977
2016-09-13,3023.51
2016-09-14,3002.849
2016-09-19,3026.051
2016-09-20,3023
2016-09-21,3025.874
2016-09-22,3042.313
2016-09-23,3033.896
2016-09-26,2980.43
2016-09-27,2998.172
2016-09-28,2987.858
2016-09-29,2998.483
2016-09-30,3004.703
2016-10-10,3048.143
2016-10-11,3065.25
2016-10-12,3058.498
2016-10-13,3061.346
2016-10-14,3063.809
2016-10-17,3041.166
2016-10-18,3083.875
2016-10-19,3084.719
2016-10-20,3084.458
2016-10-21,3090.941
2016-10-24,3128.247
2016-10-25,3131.939
2016-10-26,3116.312
2016-10-27,3112.35
2016-10-28,3104.27
2016-10-31,3100.492
2016-11-01,3122.436
2016-11-02,3102.733
2016-11-03,3128.936
2016-11-04,3125.317
2016-11-07,3133.333
2016-11-08,3147.888
2016-11-09,3128.37
2016-11-10,3171.282
2016-11-11,3196.044
2016-11-14,3210.371
2016-11-15,3206.986
2016-11-16,3205.057
2016-11-17,3208.453
2016-11-18,3192.856
2016-11-21,3218.148
2016-11-22,3248.352
2016-11-23,3241.137
2016-11-24,3241.736
2016-11-25,3261.938
2016-11-28,3277
2016-11-29,3282.924
2016-11-30,3250.034
2016-12-01,3273.309
2016-12-02,3243.843
2016-12-05,3204.709
2016-12-06,3199.647
2016-12-07,3222.242
2016-12-08,3215.366
2016-12-09,3232.883
2016-12-12,3152.97
2016-12-13,3155.037
2016-12-14,3140.531
2016-12-15,3117.677
2016-12-16,3122.982
2016-12-19,3118.0846
2016-12-20,3102.8759
2016-12-21,3137.4297
2016-12-22,3139.558
2016-12-23,3110.1544
2016-12-26,3122.569
2016-12-27,3114.664
2016-12-28,3102.2357
2016-12-29,3096.0968
2016-12-30,3103.6373
2017-01-03,3135.9208
2017-01-04,3158.794
2017-01-05,3165.4109
2017-01-06,3154.321
2017-01-09,3171.2362
2017-01-10,3161.6713
2017-01-11,3136.7535
2017-01-12,3119.2886
2017-01-13,3112.7644
2017-01-16,3103.428
2017-01-17,3108.7746
2017-01-18,3113.0123
2017-01-19,3101.2992
2017-01-20,3123.1389
2017-01-23,3136.7748
2017-01-24,3142.5533
2017-01-25,3149.5547
2017-01-26,3159.166
2017-02-03,3140.17
2017-02-06,3156.9838
2017-02-07,3153.0878
2017-02-08,3166.9818
2017-02-09,3183.1794
2017-02-10,3196.699
2017-02-13,3216.8394
2017-02-14,3217.928
2017-02-15,3212.9857
2017-02-16,3229.6184
2017-02-17,3202.0756
2017-02-20,3239.9613
2017-02-21,3253.3257
2017-02-22,3261.2184
2017-02-23,3251.375
2017-02-24,3253.4327
2017-02-27,3228.6602
2017-02-28,3241.7331
2017-03-01,3246.9335
2017-03-02,3230.0281
2017-03-03,3218.3118
2017-03-06,3233.8657
2017-03-07,3242.4063
2017-03-08,3240.6646
2017-03-09,3216.7457
2017-03-10,3212.7601
2017-03-13,3237.0244
2017-03-14,3239.3278
2017-03-15,3241.7597
2017-03-16,3268.9354
2017-03-17,3237.4471
2017-03-20,3250.8082
2017-03-21,3261.6108
2017-03-22,3245.2198
2017-03-23,3248.5495
2017-03-24,3269.4451
2017-03-27,3266.9552
2017-03-28,3252.9479
2017-03-29,3241.3144
2017-03-30,3210.2369
2017-03-31,3222.5142
2017-04-05,3270.3054
2017-04-06,3281.0047
2017-04-07,3286.616
2017-04-10,3269.3926
2017-04-11,3288.9657
2017-04-12,3273.8301
2017-04-13,3275.9603
2017-04-14,3246.0668
2017-04-17,3222.1673
2017-04-18,3196.7133
2017-04-19,3170.6867
2017-04-20,3172.1003
2017-04-21,3173.1512
2017-04-24,3129.5312
2017-04-25,3134.5674
2017-04-26,3140.8471
2017-04-27,3152.1869
2017-04-28,3154.6584
2017-05-02,3143.7121
2017-05-03,3135.346
2017-05-04,3127.3687
2017-05-05,3103.0378
2017-05-08,3078.6129
2017-05-09,3080.5269
2017-05-10,3052.785
2017-05-11,3061.5003
2017-05-12,3083.5132
2017-05-15,3090.2289
2017-05-16,3112.9642
2017-05-17,3104.4415
2017-05-18,3090.139
2017-05-19,3090.6309
2017-05-22,3075.6756
2017-05-23,3061.947
2017-05-24,3064.0759
2017-05-25,3107.8311
2017-05-26,3110.0587
2017-05-31,3117.1778
2017-06-01,3102.6232
2017-06-02,3105.54
2017-06-05,3091.6561
2017-06-06,3102.126
2017-06-07,3140.3249
2017-06-08,3150.3336
2017-06-09,3158.4004
2017-06-12,3139.8766
2017-06-13,3153.7429
2017-06-14,3130.674
2017-06-15,3132.4863
2017-06-16,3123.1662
2017-06-19,3144.3739
2017-06-20,3140.0136
2017-06-21,3156.2118
2017-06-22,3147.4532
2017-06-23,3157.873
2017-06-26,3185.4439
2017-06-27,3191.1969
2017-06-28,3173.2014
2017-06-29,3188.0625
2017-06-30,3192.4269
2017-07-03,3195.9116
2017-07-04,3182.8039
2017-07-05,3207.1342
2017-07-06,3212.444
2017-07-07,3217.9567
2017-07-10,3212.6319
2017-07-11,3203.0375
2017-07-12,3197.5439
2017-07-13,3218.1632
2017-07-14,3222.4168
2017-07-17,3176.4648
2017-07-18,3187.5672
2017-07-19,3230.9762
2017-07-20,3244.8647
2017-07-21,3237.9817
2017-07-24,3250.5989
2017-07-25,3243.6894
2017-07-26,3247.6748
2017-07-27,3249.7814
2017-07-28,3253.2404
2017-07-31,3273.0283
2017-08-01,3292.6383
2017-08-02,3285.0568
2017-08-03,3272.9286
2017-08-04,3262.0809
2017-08-07,3279.4566
2017-08-08,3281.8728
2017-08-09,3275.573
2017-08-10,3261.7494
2017-08-11,3208.5413
2017-08-14,3237.3602
2017-08-15,3251.2617
2017-08-16,3246.4512
2017-08-17,3268.4298
2017-08-18,3268.7243
2017-08-21,3286.9055
2017-08-22,3290.2257
2017-08-23,3287.7049
2017-08-24,3271.5117
2017-08-25,3331.5221
2017-08-28,3362.6514
2017-08-29,3365.2261
2017-08-30,3363.6266
2017-08-31,3360.8103
2017-09-01,3367.1194
2017-09-04,3379.583
2017-09-05,3384.317
2017-09-06,3385.3888
2017-09-07,3365.4974
2017-09-08,3365.2426
2017-09-11,3376.4188
2017-09-12,3379.488
2017-09-13,3384.147
2017-09-14,3371.4256
2017-09-15,3353.6192
2017-09-18,3362.8587
2017-09-19,3356.8446
2017-09-20,3365.9959
2017-09-21,3357.8123
2017-09-22,3352.5294
2017-09-25,3341.5487
2017-09-26,3343.5826
2017-09-27,3345.2717
2017-09-28,3339.6421
2017-09-29,3348.9431
2017-10-09,3374.3781
2017-10-10,3382.9879
2017-10-11,3388.2838
2017-10-12,3386.1
2017-10-13,3390.5233
2017-10-16,3378.4704
2017-10-17,3372.0407
2017-10-18,3381.7937
2017-10-19,3370.1721
2017-10-20,3378.6481
2017-10-23,3380.699
2017-10-24,3388.2477
2017-10-25,3396.8975
2017-10-26,3407.5671
2017-10-27,3416.8124
2017-10-30,3390.3371
2017-10-31,3393.3417
2017-11-01,3395.9125
2017-11-02,3383.3095
2017-11-03,3371.7441
2017-11-06,3388.1742
2017-11-07,3413.5748
2017-11-08,3415.4602
2017-11-09,3427.7946
2017-11-10,3432.6731
2017-11-13,3447.8358
2017-11-14,3429.5482
2017-11-15,3402.5245
2017-11-16,3399.2503
2017-11-17,3382.9075
2017-11-20,3392.3988
2017-11-21,3410.4977
2017-11-22,3430.4643
2017-11-23,3351.9182
2017-11-24,3353.8207
2017-11-27,3322.2298
2017-11-28,3333.657
2017-11-29,3337.862
2017-11-30,3317.1884
2017-12-01,3317.6174
2017-12-04,3309.6183
2017-12-05,3303.6751
2017-12-06,3293.9648
2017-12-07,3272.0542
2017-12-08,3289.9924
2017-12-11,3322.1956
2017-12-12,3280.8136
2017-12-13,3303.0373
2017-12-14,3292.4385
2017-12-15,3266.1371
2017-12-18,3267.9224
2017-12-19,3296.5384
2017-12-20,3287.6057
2017-12-21,3300.0593
2017-12-22,3297.063
2017-12-25,3280.461
2017-12-26,3306.1246
2017-12-27,3275.7828
2017-12-28,3296.3847
2017-12-29,3307.1721
2018-01-02,3348.3259
2018-01-03,3369.1084
2018-01-04,3385.7102
2018-01-05,3391.7501
2018-01-08,3409.4795
2018-01-09,3413.8996
2018-01-10,3421.8343
2018-01-11,3425.3449
2018-01-12,3428.9407
2018-01-15,3410.4882
2018-01-16,3436.594
2018-01-17,3444.6713
2018-01-18,3474.754
2018-01-19,3487.864
2018-01-22,3501.3622
2018-01-23,3546.5048
2018-01-24,3559.4653
2018-01-25,3548.307
2018-01-26,3558.1288
2018-01-29,3523.0007
2018-01-30,3488.009
2018-01-31,3480.8334
2018-02-01,3446.9799
2018-02-02,3462.0808
2018-02-05,3487.497
2018-02-06,3370.652
2018-02-07,3309.2598
2018-02-08,3262.0504
2018-02-09,3129.8508
2018-02-12,3154.1254
2018-02-13,3184.9587
2018-02-14,3199.1589
2018-02-22,3268.5589
2018-02-23,3289.0241
2018-02-26,3329.5737
2018-02-27,3292.0679
2018-02-28,3259.408
2018-03-01,3273.7549
2018-03-02,3254.5283
2018-03-05,3256.9263
2018-03-06,3289.6419
2018-03-07,3271.6683
2018-03-08,3288.4055
2018-03-09,3307.1656
2018-03-12,3326.6992
2018-03-13,3310.2389
2018-03-14,3291.3819
2018-03-15,3291.112
2018-03-16,3269.8821
2018-03-19,3279.2517
2018-03-20,3290.6399
2018-03-21,3280.9521
2018-03-22,3263.4803
2018-03-23,3152.7608
2018-03-26,3133.7218
2018-03-27,3166.6488
2018-03-28,3122.2895
2018-03-29,3160.5306
2018-03-30,3168.8966
2018-04-02,3163.179
2018-04-03,3136.6332
2018-04-04,3131.1114
2018-04-09,3138.2936
2018-04-10,3190.3216
2018-04-11,3208.0818
2018-04-12,3180.1583
2018-04-13,3159.0521
2018-04-16,3110.6489
2018-04-17,3066.7967
2018-04-18,3091.3987
2018-04-19,3117.376
2018-04-20,3071.5425
2018-04-23,3068.012
2018-04-24,3128.9271
2018-04-25,3117.9739
2018-04-26,3075.0301
2018-04-27,3082.2316
2018-05-02,3081.1773
2018-05-03,3100.8586
2018-05-04,3091.0334
2018-05-07,3136.6448
2018-05-08,3161.4976
2018-05-09,3159.1502
2018-05-10,3174.4127
2018-05-11,3163.2632
2018-05-14,3174.032
2018-05-15,3192.1183
2018-05-16,3169.5652
2018-05-17,3154.2825
2018-05-18,3193.3034
2018-05-21,3213.8404
2018-05-22,3214.3497
2018-05-23,3168.9642
2018-05-24,3154.6506
2018-05-25,3141.3032
2018-05-28,3135.0821
2018-05-29,3120.4605
2018-05-30,3041.4434
2018-05-31,3095.4737
2018-06-01,3075.1372
2018-06-04,3091.1909
2018-06-05,3114.2055
2018-06-06,3115.1803
2018-06-07,3109.4988
2018-06-08,3067.1478
2018-06-11,3052.7831
2018-06-12,3079.8018
2018-06-13,3049.7965
2018-06-14,3044.1597
2018-06-15,3021.9008
2018-06-19,2907.8221
2018-06-20,2915.7314
2018-06-21,2875.8099
2018-06-22,2889.7603
2018-06-25,2859.3364
2018-06-26,2844.5081
2018-06-27,2813.1775
2018-06-28,2786.8966
2018-06-29,2847.4181
2018-07-02,2775.557
2018-07-03,2786.8878
2018-07-04,2759.126
2018-07-05,2733.8819
2018-07-06,2747.2285
2018-07-09,2815.1095
2018-07-10,2827.6252
2018-07-11,2777.7711
2018-07-12,2837.6586
2018-07-13,2831.1837
2018-07-16,2814.0418
2018-07-17,2798.1259
2018-07-18,2787.257
2018-07-19,2772.5454
2018-07-20,2829.2712
2018-07-23,2859.5424
2018-07-24,2905.5618
2018-07-25,2903.6467
2018-07-26,2882.2254
2018-07-27,2873.5938
2018-07-30,2869.0495
2018-07-31,2876.4009
2018-08-01,2824.5337
2018-08-02,2768.0239
2018-08-03,2740.4429
2018-08-06,2705.1565
2018-08-07,2779.374
2018-08-08,2744.0696
2018-08-09,2794.3818
2018-08-10,2795.3099
2018-08-13,2785.872
2018-08-14,2780.9646
2018-08-15,2723.2576
2018-08-16,2705.1917
2018-08-17,2668.966
2018-08-20,2698.4658
2018-08-21,2733.8264
2018-08-22,2714.6082
2018-08-23,2724.6244
2018-08-24,2729.4308
2018-08-27,2780.899
2018-08-28,2777.9808
2018-08-29,2769.2947
2018-08-30,2737.7367
2018-08-31,2725.2499
2018-09-03,2720.7344
2018-09-04,2750.5804
2018-09-05,2704.3368
2018-09-06,2691.5929
2018-09-07,2702.3007
2018-09-10,2669.4845
2018-09-11,2664.7997
2018-09-12,2656.1101
2018-09-13,2686.5784
2018-09-14,2681.6431
2018-09-17,2651.7886
2018-09-18,2699.9501
2018-09-19,2730.8503
2018-09-20,2729.2438
2018-09-21,2797.4848
2018-09-25,2781.1385
2018-09-26,2806.8133
2018-09-27,2791.7748
2018-09-28,2821.3501
2018-10-08,2716.5104
2018-10-09,2721.013
2018-10-10,2725.8367
2018-10-11,2583.4575
2018-10-12,2606.9125
2018-10-15,2568.0984
2018-10-16,2546.3296
2018-10-17,2561.614
2018-10-18,2486.4186
2018-10-19,2550.4652
2018-10-22,2654.8762
2018-10-23,2594.8255
2018-10-24,2603.2951
2018-10-25,2603.7995
2018-10-26,2598.8468
2018-10-29,2542.1033
2018-10-30,2568.0481
2018-10-31,2602.7832
2018-11-01,2606.2372
2018-11-02,2676.4762
2018-11-05,2665.4306
2018-11-06,2659.3564
2018-11-07,2641.342
2018-11-08,2635.6322
2018-11-09,2598.8715
2018-11-12,2630.5195
2018-11-13,2654.8795
2018-11-14,2632.2425
2018-11-15,2668.1704
2018-11-16,2679.1097
2018-11-19,2703.5116
2018-11-20,2645.8545
2018-11-21,2651.5053
2018-11-22,2645.4339
2018-11-23,2579.4831
2018-11-26,2575.8101
2018-11-27,2574.6792
2018-11-28,2601.7365
2018-11-29,2567.4434
2018-11-30,2588.1875
2018-12-03,2654.798
2018-12-04,2665.9577
2018-12-05,2649.8051
2018-12-06,2605.1813
2018-12-07,2605.8876


Wind
